ID,Name,SMILES,MW,LogP,HBD,HBA,TPSA,RotB,GI absorption,Plant,Source
LIG_0001,Azadirachtin,Oc1cc(O)c2c(c1)oc(c(c2=O)O)c1ccc(c(c1)O)O,302.24,1.23,5,7,131.36,1,High,Azadirachta indica( Neem),African_Plants
LIG_0002,Nimbin,Oc1cc(O)c2c(c1)oc(cc2=O)c1ccc(c(c1)O)O,286.24,1.73,4,6,111.13,1,High,Azadirachta indica( Neem),African_Plants
LIG_0003,Quercetin,Oc1cc2c(=O)oc3c4c2c(c1O)oc(=O)c4cc(c3O)O,302.19,1.0,4,8,141.34,0,High,Combretum micranthum(Kinkeliba),African_Plants
LIG_0004,Luteolin,Oc1cc2O[C@H](c3ccc(c(c3)O)O)[C@@H](Cc2c(c1)O)O,290.27,0.85,5,6,110.38,1,High,Combretum micranthum(Kinkeliba),African_Plants
LIG_0005,Vitexin,Oc1cc2O[C@H](c3ccc(c(c3)O)O)[C@H](Cc2c(c1)O)O,290.27,0.83,5,6,110.38,1,High,Combretum micranthum(Kinkeliba),African_Plants
LIG_0006,Ellagic Acid,Oc1ccc(cc1)c1oc2cc(O)cc(c2c(=O)c1O)O,286.24,1.58,4,6,111.13,1,High,Combretum micranthum(Kinkeliba),African_Plants
LIG_0007,Epicatechin,O=C1O[C@@H]2O[C@@]3(C)CC[C@@H]4[C@]2([C@H]([C@H]1C)CC[C@H]4C)OO3,282.33,2.49,0,5,53.99,0,High,Combretum micranthum(Kinkeliba),African_Plants
LIG_0008,Catechin,OC(=O)CCC(=O)O[C@@H]1O[C@@H]2O[C@@]3(C)CC[C@@H]4[C@]2([C@H]([C@H]1C)CC[C@H]4C)OO3,384.42,2.13,1,8,100.52,5,High,Combretum micranthum(Kinkeliba),African_Plants
LIG_0009,Kaempferol,CC12CCC(CC1)C(O2)(C)C,154.25,2.67,0,1,9.23,0,High,Moringa oleifera,African_Plants
LIG_0010,Isoquercetin,Cc1cc(O)c2c(c1)C(=O)c1c(C2=O)c(O)ccc1,254.24,2.38,2,4,74.6,0,High,Moringa oleifera,African_Plants
LIG_0011,Chlorogenic Acid,Cc1cc(O)c2c(c1)C(=O)c1c(C2=O)c(O)cc(c1)O,270.24,1.87,3,5,94.83,0,High,Moringa oleifera,African_Plants
LIG_0012,Artemisinin,OC(=O)c1cc(O)c(c(c1)O)O,170.12,0.21,4,5,97.99,1,High,Artemisia annua,African_Plants
LIG_0013,Artesunate,OC(=O)/C=C/c1ccc(c(c1)O)O,180.16,0.93,3,4,77.76,2,High,Artemisia annua,African_Plants
LIG_0014,"1,8-Cineole",S=C=NCc1ccccc1,149.21,2.91,0,1,44.45,2,High,Artemisia annua,African_Plants
LIG_0015,,CCNCCN,88.15,-0.45,2,2,38.05,3,Unknown,Natural Product,COCONUT
LIG_0016,,CCOO,62.07,0.5,1,2,29.46,1,Unknown,Natural Product,COCONUT
LIG_0017,,O=C1CCC(=O)C1,98.1,0.31,0,2,34.14,0,Unknown,Natural Product,COCONUT
LIG_0018,,Oc1ccoc1O,100.07,0.69,2,3,53.6,0,Unknown,Natural Product,COCONUT
LIG_0019,,C/C=C/C=C/C,82.15,2.14,0,0,0.0,1,Unknown,Natural Product,COCONUT
LIG_0020,,C=CC(C)C,70.13,1.83,0,0,0.0,1,Unknown,Natural Product,COCONUT
LIG_0021,,C1COCCN1,87.12,-0.39,1,2,21.26,0,Unknown,Natural Product,COCONUT
LIG_0022,,N#CCC(N)=O,84.08,-0.61,1,2,66.88,1,Unknown,Natural Product,COCONUT
LIG_0023,,CC(C)/C=C/C=O,98.14,1.4,0,1,17.07,2,Unknown,Natural Product,COCONUT
LIG_0024,,[Ca],40.08,-0.38,0,0,0.0,0,Unknown,Natural Product,COCONUT
LIG_0025,,[He],4.0,0.0,0,0,0.0,0,Unknown,Natural Product,COCONUT
LIG_0026,,CC1=C(C)CCC1,96.17,2.51,0,0,0.0,0,Unknown,Natural Product,COCONUT
LIG_0027,,C[C@@H]1OCCC1=O,100.12,0.36,0,2,26.3,0,Unknown,Natural Product,COCONUT
LIG_0028,,CC/C=C\C=O,84.12,1.15,0,1,17.07,2,Unknown,Natural Product,COCONUT
LIG_0029,,C[C@H](O)CCO,90.12,-0.25,2,2,40.46,2,Unknown,Natural Product,COCONUT
LIG_0030,,C[C@@H](O)CC#N,85.11,0.28,1,2,44.02,1,Unknown,Natural Product,COCONUT
LIG_0031,,[Tc],98.0,-0.0,0,0,0.0,0,Unknown,Natural Product,COCONUT
LIG_0032,,CC1=COCC1,84.12,1.31,0,1,9.23,0,Unknown,Natural Product,COCONUT
LIG_0033,,CC(C)CC=O,86.13,1.23,0,1,17.07,2,Unknown,Natural Product,COCONUT
LIG_0034,,[Ge],72.61,-0.38,0,0,0.0,0,Unknown,Natural Product,COCONUT
LIG_0035,,CCC(O)O,76.09,-0.29,2,2,40.46,1,Unknown,Natural Product,COCONUT
LIG_0036,,CCCC(=O)CC,100.16,1.77,0,1,17.07,3,Unknown,Natural Product,COCONUT
LIG_0037,,N#CC(=O)C#N,80.05,-0.4,0,3,64.65,0,Unknown,Natural Product,COCONUT
LIG_0038,,[O]O,33.01,-0.11,1,1,40.13,0,Unknown,Natural Product,COCONUT
LIG_0039,,O=C(O)C(=O)O,90.03,-0.84,2,2,74.6,0,Unknown,Natural Product,COCONUT
LIG_0040,,O=C1C[C@H]1CO,86.09,-0.43,1,2,37.3,1,Unknown,Natural Product,COCONUT
LIG_0041,,N=C(N)NN,74.09,-1.66,4,2,87.92,0,Unknown,Natural Product,COCONUT
LIG_0042,,C/C=N\N(C)C=O,100.12,0.08,0,2,32.67,2,Unknown,Natural Product,COCONUT
LIG_0043,,O=C1C=C(O)CO1,100.07,-0.01,1,3,46.53,0,Unknown,Natural Product,COCONUT
LIG_0044,,C[C@@]12CC[C@]1(C)C2,96.17,2.2,0,0,0.0,0,Unknown,Natural Product,COCONUT
LIG_0045,,[O-][Cl+2]([O-])O,84.46,-2.94,1,3,66.35,0,Unknown,Natural Product,COCONUT
LIG_0046,,CC(C)C,58.12,1.66,0,0,0.0,0,Unknown,Natural Product,COCONUT
LIG_0047,,ClC=CCl,96.94,1.94,0,0,0.0,0,Unknown,Natural Product,COCONUT
LIG_0048,,CCn1cnnc1,97.12,0.3,0,2,30.71,1,Unknown,Natural Product,COCONUT
LIG_0049,,C/N=C/C=[SH+],88.16,-0.23,0,1,12.36,1,Unknown,Natural Product,COCONUT
LIG_0050,,C/C=C\CC=O,84.12,1.15,0,1,17.07,2,Unknown,Natural Product,COCONUT
LIG_0051,,NCC([O])=O,74.06,-1.1,1,2,62.99,1,Unknown,Natural Product,COCONUT
LIG_0052,,C/C=C(\C)C=O,84.12,1.15,0,1,17.07,1,Unknown,Natural Product,COCONUT
LIG_0053,,C=CCN=[N+]=[N-],83.09,1.48,0,1,48.76,2,Unknown,Natural Product,COCONUT
LIG_0054,,C/C=C/C=C/CC,96.17,2.53,0,0,0.0,2,Unknown,Natural Product,COCONUT
LIG_0055,,CC(=O)C=C(C)C,98.14,1.54,0,1,17.07,1,Unknown,Natural Product,COCONUT
LIG_0056,,CC[C@H](C)C#N,83.13,1.56,0,1,23.79,1,Unknown,Natural Product,COCONUT
LIG_0057,,CC/C=C/CC#N,95.15,1.87,0,1,23.79,2,Unknown,Natural Product,COCONUT
LIG_0058,,COC=O,60.05,-0.21,0,2,26.3,1,Unknown,Natural Product,COCONUT
LIG_0059,,CC[C@H](C)C(C)=O,100.16,1.62,0,1,17.07,2,Unknown,Natural Product,COCONUT
LIG_0060,,Cc1cncs1,99.16,1.45,0,2,12.89,0,Unknown,Natural Product,COCONUT
LIG_0061,,Nc1cc[nH]n1,83.09,-0.01,2,2,54.7,0,Unknown,Natural Product,COCONUT
LIG_0062,,CC1(C)CCCC1,98.19,2.59,0,0,0.0,0,Unknown,Natural Product,COCONUT
LIG_0063,,CC1=N[C@H](C)CN1,98.15,0.4,1,2,24.39,0,Unknown,Natural Product,COCONUT
LIG_0064,,C=CC(C)(C)O,86.13,0.94,1,1,20.23,1,Unknown,Natural Product,COCONUT
LIG_0065,,C/C=C/CCCO,100.16,1.33,1,1,20.23,3,Unknown,Natural Product,COCONUT
LIG_0066,,CSC,62.14,0.98,0,1,0.0,0,Unknown,Natural Product,COCONUT
LIG_0067,,C=C(C)CC(C)=O,98.14,1.54,0,1,17.07,2,Unknown,Natural Product,COCONUT
LIG_0068,,CCC[C@H](C)O,88.15,1.17,1,1,20.23,2,Unknown,Natural Product,COCONUT
LIG_0069,,CSC#N,73.12,0.83,0,2,23.79,0,Unknown,Natural Product,COCONUT
LIG_0070,,CC(=O)C#N,69.06,0.1,0,2,40.86,0,Unknown,Natural Product,COCONUT
LIG_0071,,C=CCCCC#N,95.14,1.87,0,1,23.79,3,Unknown,Natural Product,COCONUT
LIG_0072,,COc1ccoc1,98.1,1.29,0,2,22.37,1,Unknown,Natural Product,COCONUT
LIG_0073,,OCC(O)CO,92.09,-1.67,3,3,60.69,2,Unknown,Natural Product,COCONUT
LIG_0074,,C=COCC,72.11,1.17,0,1,9.23,2,Unknown,Natural Product,COCONUT
LIG_0075,,CC1CCNCC1,99.18,1.01,1,1,12.03,0,Unknown,Natural Product,COCONUT
LIG_0076,,NC(=O)NO,76.05,-0.96,3,2,75.35,0,Unknown,Natural Product,COCONUT
LIG_0077,,CC(C)=CC=O,84.12,1.15,0,1,17.07,1,Unknown,Natural Product,COCONUT
LIG_0078,,C#CC(C)C,68.12,1.28,0,0,0.0,0,Unknown,Natural Product,COCONUT
LIG_0079,,O=CC(=O)O,74.03,-0.73,1,2,54.37,1,Unknown,Natural Product,COCONUT
LIG_0080,,O=NN1CCCC1,100.12,0.76,0,2,32.67,1,Unknown,Natural Product,COCONUT
LIG_0081,,C=C[C@H](O)CC,86.13,0.94,1,1,20.23,2,Unknown,Natural Product,COCONUT
LIG_0082,,C#CCC=O,68.08,0.21,0,1,17.07,1,Unknown,Natural Product,COCONUT
LIG_0083,,C/C=C/C(C)=C/C,96.17,2.53,0,0,0.0,1,Unknown,Natural Product,COCONUT
LIG_0084,,ClC[C@@H]1CO1,92.53,0.62,0,1,12.53,1,Unknown,Natural Product,COCONUT
LIG_0085,,C=C(C)CC,70.13,1.97,0,0,0.0,1,Unknown,Natural Product,COCONUT
LIG_0086,,C[C@@H]1COCC1=O,100.12,0.22,0,2,26.3,0,Unknown,Natural Product,COCONUT
LIG_0087,,C=C1CCCCC1,96.17,2.51,0,0,0.0,0,Unknown,Natural Product,COCONUT
LIG_0088,,CCN=O,59.07,0.77,0,2,29.43,1,Unknown,Natural Product,COCONUT
LIG_0089,,C=CCC/C=C\C,96.17,2.53,0,0,0.0,3,Unknown,Natural Product,COCONUT
LIG_0090,,C1CNCCN1,86.14,-0.82,2,2,24.06,0,Unknown,Natural Product,COCONUT
LIG_0091,,C/C=C/C#N,67.09,1.09,0,1,23.79,0,Unknown,Natural Product,COCONUT
LIG_0092,,O=P(O)(O)O,97.99,-0.93,3,1,77.76,0,Unknown,Natural Product,COCONUT
LIG_0093,,CNCC(C)C,87.17,0.86,1,1,12.03,2,Unknown,Natural Product,COCONUT
LIG_0094,,O=CCS,76.12,0.12,1,2,17.07,1,Unknown,Natural Product,COCONUT
LIG_0095,,N#CN[N+](=O)[O-],87.04,-0.75,1,3,78.96,1,Unknown,Natural Product,COCONUT
LIG_0096,,C[C@@H]1CCC[C@H]1O,100.16,1.17,1,1,20.23,0,Unknown,Natural Product,COCONUT
LIG_0097,,NN=O,46.03,-0.37,1,2,55.45,0,Unknown,Natural Product,COCONUT
LIG_0098,,C[C@@H]1CCC[C@@H]1C,98.19,2.44,0,0,0.0,0,Unknown,Natural Product,COCONUT
LIG_0099,,CC=[N+]=[N-],56.07,0.31,0,0,36.4,0,Unknown,Natural Product,COCONUT
LIG_0100,,N#CCC(=O)O,85.06,-0.02,1,2,61.09,1,Unknown,Natural Product,COCONUT
LIG_0101,,C/C=C/CO,72.11,0.55,1,1,20.23,1,Unknown,Natural Product,COCONUT
LIG_0102,,CC1=NC[C@H](C)N1,98.15,0.4,1,2,24.39,0,Unknown,Natural Product,COCONUT
LIG_0103,,C/C=C\C=C\C,82.15,2.14,0,0,0.0,1,Unknown,Natural Product,COCONUT
LIG_0104,,CC(=O)CC(C)=O,100.12,0.55,0,2,34.14,2,Unknown,Natural Product,COCONUT
LIG_0105,,C1CCCCC1,84.16,2.34,0,0,0.0,0,Unknown,Natural Product,COCONUT
LIG_0106,,[AlH3],30.01,-1.18,0,0,0.0,0,Unknown,Natural Product,COCONUT
LIG_0107,,N=CCN,58.08,-0.41,2,2,49.87,1,Unknown,Natural Product,COCONUT
LIG_0108,,CC(C)ON=N,88.11,1.36,1,3,45.44,2,Unknown,Natural Product,COCONUT
LIG_0109,,F/C=C(/F)Cl,98.48,1.96,0,0,0.0,0,Unknown,Natural Product,COCONUT
LIG_0110,,CP(=O)(O)O,96.02,-0.21,2,1,57.53,0,Unknown,Natural Product,COCONUT
LIG_0111,,CN(C)CCO,89.14,-0.46,1,2,23.47,2,Unknown,Natural Product,COCONUT
LIG_0112,,[O-][S+]1CCC1,90.15,0.14,0,1,23.06,0,Unknown,Natural Product,COCONUT
LIG_0113,,C/C=C(\CC)CO,100.16,1.33,1,1,20.23,2,Unknown,Natural Product,COCONUT
LIG_0114,,[Y],88.91,-0.0,0,0,0.0,0,Unknown,Natural Product,COCONUT
LIG_0115,,CC/C=C\C/C=C/C=C/C(=O)OCC,194.27,3.02,0,2,26.3,6,Unknown,Natural Product,COCONUT
LIG_0116,,CCCCCCCCCc1cc[nH]n1,194.32,3.7,1,1,28.68,8,Unknown,Natural Product,COCONUT
LIG_0117,,[O]=[Fe][O][Fe]=[O],159.69,-0.31,0,3,43.37,2,Unknown,Natural Product,COCONUT
LIG_0118,,C[C@H](O)C[C@H]1CCCN1C,143.23,0.85,1,2,23.47,2,Unknown,Natural Product,COCONUT
LIG_0119,,C[C@@H]1C(=O)[C@]2(C)CC[C@H]1C2(C)C,166.26,2.65,0,1,17.07,0,Unknown,Natural Product,COCONUT
LIG_0120,,CCCCCCCCCC=C(C)C=O,196.33,4.27,0,1,17.07,9,Unknown,Natural Product,COCONUT
LIG_0121,,OC[C@H]1SC[C@@H](O)[C@@H]1O,150.2,-1.18,3,4,60.69,1,Unknown,Natural Product,COCONUT
LIG_0122,,C=Cc1ncc2ocnn12,135.13,0.97,0,3,43.33,1,Unknown,Natural Product,COCONUT
LIG_0123,,Cc1ccc(-c2cccnc2)nc1,170.22,2.45,0,2,25.78,1,Unknown,Natural Product,COCONUT
LIG_0124,,CC(=O)N1c2ccccc2C[C@H]1C,175.23,1.98,0,1,20.31,0,Unknown,Natural Product,COCONUT
LIG_0125,,CC1=C[C@H](C)[C@@]2(CO)CO[C@@H](C)[C@@H]1C2,196.29,1.99,1,2,29.46,1,Unknown,Natural Product,COCONUT
LIG_0126,,CS(=O)(=O)Cc1ccccc1,170.23,1.23,0,2,34.14,2,Unknown,Natural Product,COCONUT
LIG_0127,,O=Nc1cc2c[nH]cc2[nH]1,135.13,1.89,2,2,61.01,1,Unknown,Natural Product,COCONUT
LIG_0128,,O=C(O)/C=C/[C@H](O)CCCCCO,188.22,0.54,3,3,77.76,7,Unknown,Natural Product,COCONUT
LIG_0129,,C=C(C)[C@H]1CC=C(COC(C)=O)CC1,194.27,2.85,0,2,26.3,3,Unknown,Natural Product,COCONUT
LIG_0130,,O=C1CCCC1=C1SCCS1,186.3,2.43,0,3,17.07,0,Unknown,Natural Product,COCONUT
LIG_0131,,CCCCCCC[C@@H](C)CC,156.31,4.39,0,0,0.0,7,Unknown,Natural Product,COCONUT
LIG_0132,,N=c1nc(O)c2ncc(O)nc2[nH]1,179.14,-0.76,4,6,118.77,0,Unknown,Natural Product,COCONUT
LIG_0133,,CC(C)c1cccc(=O)cc1,148.2,2.17,0,1,17.07,1,Unknown,Natural Product,COCONUT
LIG_0134,,C=C(CCC(=O)O)C(=C)CC(=O)O,184.19,1.44,2,2,74.6,6,Unknown,Natural Product,COCONUT
LIG_0135,,C1CCCSSSCC1,180.36,3.59,0,3,0.0,0,Unknown,Natural Product,COCONUT
LIG_0136,,CC#CC#CC#C/C=C\c1ccco1,180.21,2.32,0,1,13.14,1,Unknown,Natural Product,COCONUT
LIG_0137,,C/C=C/C1=C[C@H](O)[C@H](O)C1=O,154.16,-0.21,2,3,57.53,1,Unknown,Natural Product,COCONUT
LIG_0138,,C=C(C)C1CCC(=O)CC1,138.21,2.32,0,1,17.07,1,Unknown,Natural Product,COCONUT
LIG_0139,,NC(N)=NOCC[C@@H](N)C(=O)O,176.18,-2.01,4,4,136.95,5,Unknown,Natural Product,COCONUT
LIG_0140,,CC/C=N/Nc1ccccc1,148.21,2.49,1,2,24.39,3,Unknown,Natural Product,COCONUT
LIG_0141,,C=C[C@H]1O[C@H]1/C=C/C#CC#CC#CC,182.22,1.53,0,1,12.53,2,Unknown,Natural Product,COCONUT
LIG_0142,,CC(C)(O)CCC[C@@H]1CCC(=O)O1,186.25,1.63,1,3,46.53,4,Unknown,Natural Product,COCONUT
LIG_0143,,C=C(C)[C@H]1CC=C(C)[C@@H](O)C1,152.24,2.28,1,1,20.23,1,Unknown,Natural Product,COCONUT
LIG_0144,,CC1=CCC(C)=C1C,108.18,2.67,0,0,0.0,0,Unknown,Natural Product,COCONUT
LIG_0145,,Cn1ncc2c(NCCN)ncnc21,192.23,-0.27,2,5,81.65,3,Unknown,Natural Product,COCONUT
LIG_0146,,O=c1ccc2cc3c(cc2o1)OCO3,190.15,1.52,0,4,48.67,0,Unknown,Natural Product,COCONUT
LIG_0147,,CN(C)[C@@H]1CCCCNC1=O,156.23,0.22,1,2,32.34,1,Unknown,Natural Product,COCONUT
LIG_0148,,COC1=C(C)C(=O)CC(=O)C1(C)C,182.22,1.47,0,3,43.37,1,Unknown,Natural Product,COCONUT
LIG_0149,,CN1CCc2c([nH]c3ccccc23)C1,186.26,2.16,1,1,19.03,0,Unknown,Natural Product,COCONUT
LIG_0150,,O=C1CCC(=O)c2c(O)ccc(O)c21,192.17,1.26,2,4,74.6,0,Unknown,Natural Product,COCONUT
LIG_0151,,Cc1cc(C(C)(C)C)nc(N)n1,165.24,1.66,1,3,51.8,0,Unknown,Natural Product,COCONUT
LIG_0152,,C#CCCCCCCCCC(=O)OC,196.29,2.91,0,2,26.3,8,Unknown,Natural Product,COCONUT
LIG_0153,,CC(=O)/C=C(\C)CCCCCC(=O)O,198.26,2.56,1,2,54.37,7,Unknown,Natural Product,COCONUT
LIG_0154,,Cc1cc(O)cc2c1C(=O)[C@](C)(O)O2,194.19,0.98,2,4,66.76,0,Unknown,Natural Product,COCONUT
LIG_0155,,COC(=O)[C@H](N)c1cccc(OC)c1,195.22,0.87,1,4,61.55,3,Unknown,Natural Product,COCONUT
LIG_0156,,C[C@@]1(O)C[C@@]2(CO1)OC[C@@H](O)[C@@H]2O,190.2,-1.39,3,5,79.15,0,Unknown,Natural Product,COCONUT
LIG_0157,,COC(=O)c1cnccn1,138.13,0.26,0,4,52.08,1,Unknown,Natural Product,COCONUT
LIG_0158,,CCc1cscc1C(C)(C)CC,182.33,4.0,0,1,0.0,3,Unknown,Natural Product,COCONUT
LIG_0159,,C[C@H]1C[C@@H]2OC(=O)[C@H](C)[C@H]2C=CC1=O,194.23,1.33,0,3,43.37,0,Unknown,Natural Product,COCONUT
LIG_0160,,COc1ccc(CCN)cc1,151.21,1.2,1,2,35.25,3,Unknown,Natural Product,COCONUT
LIG_0161,,CC[C@@H](Cc1ccccc1)NC(C)=O,191.27,2.14,1,1,29.1,4,Unknown,Natural Product,COCONUT
LIG_0162,,O=C(O)[C@H](O)[C@@H](O)[C@H](O)CO,166.13,-2.85,5,5,118.22,4,Unknown,Natural Product,COCONUT
LIG_0163,,c1cc(NCCc2cnc[nH]2)c[nH]1,176.22,1.39,3,2,56.5,4,Unknown,Natural Product,COCONUT
LIG_0164,,CCCCCCC(C)C,128.26,3.61,0,0,0.0,5,Unknown,Natural Product,COCONUT
LIG_0165,,Cc1c(N)cccc1OC=O,151.16,1.11,1,3,52.32,2,Unknown,Natural Product,COCONUT
LIG_0166,,CC1=C(C=O)[C@H]([C@@H](C)C=O)CC1,166.22,1.75,0,2,34.14,3,Unknown,Natural Product,COCONUT
LIG_0167,,C=CCc1cncc(C)n1,134.18,1.51,0,2,25.78,2,Unknown,Natural Product,COCONUT
LIG_0168,,O=C1N=C(O)C=C1Br,175.97,0.76,1,1,49.66,0,Unknown,Natural Product,COCONUT
LIG_0169,,C[C@H](O)[C@H](O)CCC[N+](C)(C)C,176.28,0.21,2,2,40.46,5,Unknown,Natural Product,COCONUT
LIG_0170,,C=Cc1cnc(C)cn1,120.15,1.43,0,2,25.78,1,Unknown,Natural Product,COCONUT
LIG_0171,,COc1ccc([C@@](C)(N)C(=O)O)cc1,195.22,0.95,2,3,72.55,3,Unknown,Natural Product,COCONUT
LIG_0172,,Cc1c(Cl)cc(S)cc1Cl,193.1,3.59,1,1,0.0,0,Unknown,Natural Product,COCONUT
LIG_0173,,CN(C)CCOC(=O)c1ccccc1,193.25,1.4,0,3,29.54,4,Unknown,Natural Product,COCONUT
LIG_0174,,COc1cccc2c(=O)ccn(C)c12,189.21,1.55,0,2,31.23,1,Unknown,Natural Product,COCONUT
LIG_0175,,OC[C@H](O)c1cccc([C@@H](O)CO)c1,198.22,-0.26,4,4,80.92,4,Unknown,Natural Product,COCONUT
LIG_0176,,COCc1ccc(COC)cc1,166.22,1.98,0,2,18.46,4,Unknown,Natural Product,COCONUT
LIG_0177,,CC1=C[C@@H](O)[C@H]2C[C@@H]1C2(C)C,152.24,1.97,1,1,20.23,0,Unknown,Natural Product,COCONUT
LIG_0178,,CCC/C=C\C(=O)OC,128.17,1.52,0,2,26.3,3,Unknown,Natural Product,COCONUT
LIG_0179,,COP(OC)C(=O)c1ccccc1,198.16,2.43,0,3,35.53,4,Unknown,Natural Product,COCONUT
LIG_0180,,O=C1C[C@H](O)[C@H](O)c2cc(O)ccc21,194.19,0.37,3,4,77.76,0,Unknown,Natural Product,COCONUT
LIG_0181,,COc1cc(C(=O)[O-])ccc1O.[Na+],190.13,-3.23,1,4,69.59,2,Unknown,Natural Product,COCONUT
LIG_0182,,O=C(O)[C@@H]1CN[C@@H](C(=O)O)C1,159.14,-0.87,3,3,86.63,2,Unknown,Natural Product,COCONUT
LIG_0183,,O=C1O[C@@H]([C@@H](O)CO)C(O)=C1O,176.12,-1.41,4,6,107.22,2,Unknown,Natural Product,COCONUT
LIG_0184,,C[N+]1(C)[C@H]2CC[C@H]1CC(O)C2,156.25,0.75,1,1,20.23,0,Unknown,Natural Product,COCONUT
LIG_0185,,Cc1cc(O)c(C=O)c(O)c1C#[O+],179.15,0.96,2,3,77.43,1,Unknown,Natural Product,COCONUT
LIG_0186,,COc1cccc2cccc(OC)c12,188.23,2.86,0,2,18.46,2,Unknown,Natural Product,COCONUT
LIG_0187,,Cc1cnn(C[C@@H](N)C(=O)O)c1,169.18,-0.4,2,3,81.14,3,Unknown,Natural Product,COCONUT
LIG_0188,,SCc1cnccn1,126.18,0.91,1,3,25.78,1,Unknown,Natural Product,COCONUT
LIG_0189,,N=C[C@H]1c2ccccc2-c2ncccc21,194.24,2.84,1,2,36.74,1,Unknown,Natural Product,COCONUT
LIG_0190,,CC1(C)c2ccccc2N[C@H]1C(N)=O,190.25,1.24,2,2,55.12,1,Unknown,Natural Product,COCONUT
LIG_0191,,C[C@@]1(O)C=CCCC1,112.17,1.48,1,1,20.23,0,Unknown,Natural Product,COCONUT
LIG_0192,,OC1CCCCCCCCC1,156.27,2.87,1,1,20.23,0,Unknown,Natural Product,COCONUT
LIG_0193,,[N]=c1ccn(CC(N)=O)c2ccccc12,200.22,-0.17,1,1,70.32,2,Unknown,Natural Product,COCONUT
LIG_0194,,O=[N+]([O-])N1C=CCC1,114.1,0.4,0,2,46.38,1,Unknown,Natural Product,COCONUT
LIG_0195,,CCCCCC[C@H](C)C=O,142.24,2.79,0,1,17.07,6,Unknown,Natural Product,COCONUT
LIG_0196,,CC(C)[C@@H]1NC(=O)[C@H]2CCCN2C1=O,196.25,0.13,1,2,49.41,1,Unknown,Natural Product,COCONUT
LIG_0197,,CC1=CC(=O)O[C@H]1CO,128.13,-0.15,1,3,46.53,1,Unknown,Natural Product,COCONUT
LIG_0198,,O=C(O)C[C@]1(C(=O)O)O[C@H]1C(=O)O,190.11,-1.23,3,4,124.43,4,Unknown,Natural Product,COCONUT
LIG_0199,,C[S](C)CCC(=O)O,135.21,0.99,1,1,37.3,3,Unknown,Natural Product,COCONUT
LIG_0200,,O=C1CCNc2c1c[nH+]c1ccccc21,199.23,1.65,1,2,43.24,0,Unknown,Natural Product,COCONUT
LIG_0201,,CCCCCCCC[C@@H](O)C(=O)O,188.27,2.18,2,2,57.53,8,Unknown,Natural Product,COCONUT
LIG_0202,,CCOC(CCSC)OCC,178.3,2.14,0,3,18.46,7,Unknown,Natural Product,COCONUT
LIG_0203,,Oc1ccc2nncc-2[nH]1,135.13,0.62,2,3,61.8,0,Unknown,Natural Product,COCONUT
LIG_0204,,O=C(O)C1=NC=COC1,127.1,0.01,1,3,58.89,1,Unknown,Natural Product,COCONUT
LIG_0205,,Nc1ncnc2[nH]c(O)nc12,151.13,-0.36,3,5,100.71,0,Unknown,Natural Product,COCONUT
LIG_0206,,Oc1ccc2c(c1)OCO2,138.12,1.12,1,3,38.69,0,Unknown,Natural Product,COCONUT
LIG_0207,,Cc1ccc2ccccc2c1C,156.23,3.46,0,0,0.0,0,Unknown,Natural Product,COCONUT
LIG_0208,,C[N@+]12CCCC[C@@H]1[C@H](CO)CCC2,184.3,1.39,1,1,20.23,1,Unknown,Natural Product,COCONUT
LIG_0209,,CC1(C)C(=O)[C@H](Cl)[C@@H]2C=C[C@H]1O2,186.64,1.53,0,2,26.3,0,Unknown,Natural Product,COCONUT
LIG_0210,,NCCSCCSCCN,180.34,0.37,2,4,52.04,7,Unknown,Natural Product,COCONUT
LIG_0211,,N#C[C@@H](CC(=O)O)[C@H](N)C(=O)O,172.14,-0.99,3,4,124.41,4,Unknown,Natural Product,COCONUT
LIG_0212,,CC/C=C\CC1=C(C)[C@@H](O)CC1=O,180.25,1.99,1,2,37.3,3,Unknown,Natural Product,COCONUT
LIG_0213,,O=C(O)[C@@H]1Cc2ccccc2CN1,177.2,0.79,2,2,49.33,1,Unknown,Natural Product,COCONUT
LIG_0214,,C[C@H](Cc1ccccc1)C(=O)O,164.2,1.95,1,1,37.3,3,Unknown,Natural Product,COCONUT
LIG_0215,,CCOC(=O)[C@@H](C(C)=O)P(=O)(OCC)OCC,266.23,1.77,0,6,78.9,8,Unknown,Natural Product,COCONUT
LIG_0216,,O=c1[nH][nH]c(=O)c2cc3c(cc12)CCC3,202.21,0.71,2,2,65.72,0,Unknown,Natural Product,COCONUT
LIG_0217,,CC(C)=CCC[C@@](C)(O)[C@@H]1CC=C(C)C(=O)[C@H]1O,252.35,2.38,2,3,57.53,4,Unknown,Natural Product,COCONUT
LIG_0218,,Cc1c(O)ccc2c1O/C(=C\c1cccnc1)C2=O,253.26,2.71,1,4,59.42,1,Unknown,Natural Product,COCONUT
LIG_0219,,C=C1C2=C(C(=O)C(C)=C(OC)C2=O)N2C[C@@H]3[C@@H](N3C)[C@@]12O,288.3,-0.43,1,6,69.85,1,Unknown,Natural Product,COCONUT
LIG_0220,,N[C@@H](CC1=CCCCc2o[nH]c(=O)c21)C(=O)O,238.24,0.49,3,4,109.32,3,Unknown,Natural Product,COCONUT
LIG_0221,,CC(=O)C(/C=N/C1CCCCC1)=C(\C)O,209.29,2.81,1,3,49.66,3,Unknown,Natural Product,COCONUT
LIG_0222,,CC(=O)c1cc(C)c(O)c(C(=O)O)c1O,210.18,1.31,3,4,94.83,2,Unknown,Natural Product,COCONUT
LIG_0223,,CCOC(=O)c1cc2c3ccccc3nc-2c[nH]1,240.26,2.84,1,3,54.98,2,Unknown,Natural Product,COCONUT
LIG_0224,,O=C(/N=N/C(=O)c1ccccc1)c1ccccc1,238.25,3.12,0,2,58.86,2,Unknown,Natural Product,COCONUT
LIG_0225,,COc1ccc2[nH]c3c(c2c1)CCC3=O,201.22,2.31,1,2,42.09,1,Unknown,Natural Product,COCONUT
LIG_0226,,CC(C)Cc1cnc([C@H](O)C(C)C)c(=O)[nH]1,224.3,1.66,2,3,65.98,4,Unknown,Natural Product,COCONUT
LIG_0227,,COc1cc2c(cc1C)C1=C(C)C(=O)O[C@@H]1[C@H](O)[C@H]2C,274.32,2.18,1,4,55.76,1,Unknown,Natural Product,COCONUT
LIG_0228,,COc1ccc2c(c1)CNCC[C@H]1COC(=O)N21,248.28,1.51,1,4,50.8,1,Unknown,Natural Product,COCONUT
LIG_0229,,O=c1ccn(CCCn2ccc(=O)[nH]c2=O)c(=O)[nH]1,264.24,-1.52,2,4,109.72,4,Unknown,Natural Product,COCONUT
LIG_0230,,CCCCCCC[C@H](O)[C@H]1C(=O)OC[C@@H]1CO,244.33,1.49,2,4,66.76,8,Unknown,Natural Product,COCONUT
LIG_0231,,CC1(C)CCC[C@]2(C)[C@H]3CC(=O)O[C@]3(C)C[C@H](O)[C@@H]12,266.38,2.91,1,3,46.53,0,Unknown,Natural Product,COCONUT
LIG_0232,,COc1ccc(CCCOC(C)=O)cc1,208.26,2.19,0,3,35.53,5,Unknown,Natural Product,COCONUT
LIG_0233,,COc1cc2cc3cc(C)oc(=O)c3c(O)c2c(O)c1C,286.28,2.98,2,5,79.9,1,Unknown,Natural Product,COCONUT
LIG_0234,,COc1cc(C=CC(N)=O)cc(OC)c1O,223.23,0.91,2,4,81.78,4,Unknown,Natural Product,COCONUT
LIG_0235,,COc1ccc(C(=O)Nc2cccc(C(=O)O)c2O)cc1,287.27,2.35,3,4,95.86,4,Unknown,Natural Product,COCONUT
LIG_0236,,CC(C)[C@H]1CC[C@@]2(C)[C@H]3[C@@H](O)[C@@H](O)[C@H]([C@H]31)[C@@]21CO1,252.35,1.43,2,3,52.99,1,Unknown,Natural Product,COCONUT
LIG_0237,,CCc1cc(=O)oc2cc3occ(C)c3cc12,228.25,3.41,0,3,43.35,1,Unknown,Natural Product,COCONUT
LIG_0238,,Oc1ccc2c(c1)OC[C@@H](c1cc3c(cc1O)OCO3)C2,286.28,2.55,2,5,68.15,1,Unknown,Natural Product,COCONUT
LIG_0239,,O=C(O)C[C@H](NC(=O)[C@@H]1CCCN1)C(=O)O,230.22,-1.22,4,4,115.73,5,Unknown,Natural Product,COCONUT
LIG_0240,,CC(C)[C@H](NC(=O)Cn1ccc2ccccc21)C(=O)O,274.32,1.87,2,2,71.33,5,Unknown,Natural Product,COCONUT
LIG_0241,,C[C@H]1CC[C@@H]2[C@H](CC[C@@H]3CC=CC(=O)O3)[C@@H](C)C=C[C@@H]2C1,288.43,4.51,0,2,26.3,3,Unknown,Natural Product,COCONUT
LIG_0242,,COc1cc(O)c2c(c1)C(=O)c1cc(O)c(O)cc1C2=O,286.24,1.59,3,6,104.06,1,Unknown,Natural Product,COCONUT
LIG_0243,,CCCN1C(=O)[C@@H]2Cc3c([nH]c4ccccc34)[C@H](C)N2C1=O,297.36,2.83,1,2,56.41,2,Unknown,Natural Product,COCONUT
LIG_0244,,C[C@H]1CC(=O)[C@]2(C)[C@@H](C)c3ccoc3C[C@]12C,232.32,3.56,0,2,30.21,0,Unknown,Natural Product,COCONUT
LIG_0245,,O=S(=O)(O)Oc1cccc(O)c1O,206.17,0.28,3,5,104.06,2,Unknown,Natural Product,COCONUT
LIG_0246,,NC(=S)NNc1ccc(Cl)cc1,201.68,1.5,3,2,50.08,2,Unknown,Natural Product,COCONUT
LIG_0247,,CN(C)C1(Cc2cc(-c3cccc(O)c3)on2)COC1,274.32,1.92,1,5,58.73,4,Unknown,Natural Product,COCONUT
LIG_0248,,c1ccc(-c2nccnc2-c2ccccc2)cc1,232.29,3.81,0,2,25.78,2,Unknown,Natural Product,COCONUT
LIG_0249,,CC(C)=CCc1ccc(O)c2c1[C@H](C[C@H](O)[C@H](C)O)OC2,292.38,2.6,3,4,69.92,5,Unknown,Natural Product,COCONUT
LIG_0250,,CC(=O)N[C@H](COC(C)=O)Cc1ccccc1,235.28,1.3,1,3,55.4,5,Unknown,Natural Product,COCONUT
LIG_0251,,COc1ccc(CNCc2cccc(OC)c2)cc1,257.33,2.99,1,3,30.49,6,Unknown,Natural Product,COCONUT
LIG_0252,,CCc1c(OC)cc2oc3cc(Cl)cn3c(=O)c2c1O,293.71,2.98,1,4,64.08,2,Unknown,Natural Product,COCONUT
LIG_0253,,COc1c(O)cc(C=O)cc1Br,231.04,1.98,1,3,46.53,2,Unknown,Natural Product,COCONUT
LIG_0254,,O[C]1C=C(O)C=C2OC(c3ccc(O)c(O)c3)=C(O)C=C12,287.25,2.52,5,6,110.38,1,Unknown,Natural Product,COCONUT
LIG_0255,,COc1ccc([C@@H]2COc3cc(O)ccc3[C@H]2O)c(O)c1,288.3,2.32,3,5,79.15,2,Unknown,Natural Product,COCONUT
LIG_0256,,[H]/N=C1/C[C@](O)(CO)CC(NCC(=O)O)=C1OC,244.25,-0.94,5,6,122.87,5,Unknown,Natural Product,COCONUT
LIG_0257,,COc1c2nc3ccccc3oc-2cc(=O)c1OC,257.25,2.31,0,5,61.56,2,Unknown,Natural Product,COCONUT
LIG_0258,,CO[C@@H]1C[C@@H]([C@@H](C)CC(=O)C=C(C)C)C=C[C@]1(C)O,266.38,2.89,1,3,46.53,5,Unknown,Natural Product,COCONUT
LIG_0259,,CN(C)Cc1cc2oc(=O)c3c(c2cc1O)CCCN3,274.32,1.92,2,5,65.71,2,Unknown,Natural Product,COCONUT
LIG_0260,,COc1c(O)cc2oc(=O)ccc2c1OC,222.2,1.52,1,5,68.9,2,Unknown,Natural Product,COCONUT
LIG_0261,,C=C(C)CCC1=C(C(C)C)CC[C@@H](C)C1=O,220.36,4.29,0,1,17.07,4,Unknown,Natural Product,COCONUT
LIG_0262,,COC(OC)(C(=O)c1ccccc1)c1ccccc1,256.3,3.02,0,3,35.53,5,Unknown,Natural Product,COCONUT
LIG_0263,,CC1=C2C[C@H]3CC=CC(=O)[C@]3(C)C=C2OC1=O,230.26,2.3,0,3,43.37,0,Unknown,Natural Product,COCONUT
LIG_0264,,COC(=O)[C@@H]1C[C@H]([C@H]2CCCCN2)CN2CCCC[C@@H]12,280.41,1.79,1,4,41.57,2,Unknown,Natural Product,COCONUT
LIG_0265,,O=C1c2cccnc2-c2nccc3c2c1nc1ccccc13,283.29,3.39,0,4,55.74,0,Unknown,Natural Product,COCONUT
LIG_0266,,CC(=O)N[C@H]1CO[C@@H](CN(C)CCc2ccccc2)[C@@H]1O,292.38,0.43,2,4,61.8,6,Unknown,Natural Product,COCONUT
LIG_0267,,C[C@H](O)[C@H]1CNC(=O)c2ccccc2O1,207.23,0.56,2,3,58.56,1,Unknown,Natural Product,COCONUT
LIG_0268,,COc1ccc(C[C@@H]2NC[C@@H](O)[C@@H]2O)cc1,223.27,-0.07,3,4,61.72,3,Unknown,Natural Product,COCONUT
LIG_0269,,CCOc1ccccc1NC(=O)c1ccc2c(c1)OCO2,285.3,3.07,1,4,56.79,4,Unknown,Natural Product,COCONUT
LIG_0270,,CCOc1ccc([C@@]2(C)CC(=O)NC(=O)N2)cc1,248.28,1.53,2,3,67.43,3,Unknown,Natural Product,COCONUT
LIG_0271,,CCCNC(=O)N[C@H]1[C@H](O)[C@@H](n2cccn2)[C@@H]2OC[C@H]1O2,296.33,-0.38,3,5,97.64,4,Unknown,Natural Product,COCONUT
LIG_0272,,CC(=O)Nc1ccc(/C=C\c2ccccc2)c([N+](=O)[O-])c1,282.3,3.72,1,3,72.24,4,Unknown,Natural Product,COCONUT
LIG_0273,,C/C1=C/[C@H]2OC(=O)[C@H](C)[C@@H]2CC/C(C)=C/CC1,234.34,3.63,0,2,26.3,0,Unknown,Natural Product,COCONUT
LIG_0274,,Cc1c2ccccc2cc(Cc2ccccc2)[n+]1C,248.35,3.56,0,0,3.88,2,Unknown,Natural Product,COCONUT
LIG_0275,,CC1=C2C=C(C(C)(C)O)CC[C@@H](C)[C@@H]2CC1,220.36,3.84,1,1,20.23,1,Unknown,Natural Product,COCONUT
LIG_0276,,COC(=O)C[C@]1(C)O[C@H]2CCCC[C@H]2C2=CCCC[C@H]21,278.39,3.62,0,3,35.53,2,Unknown,Natural Product,COCONUT
LIG_0277,,O=C(NCCc1ccccc1)c1cccc(Cl)c1,259.74,3.31,1,1,29.1,4,Unknown,Natural Product,COCONUT
LIG_0278,,O=C(O)[C@H](c1ccccc1)c1ccccn1,213.24,2.3,1,2,50.19,3,Unknown,Natural Product,COCONUT
LIG_0279,,CC(C)(O)[C@@H]1CC[C@]2(C)[C@@H](O)CC[C@](C)(O)[C@H]2C1,256.39,2.09,3,3,60.69,1,Unknown,Natural Product,COCONUT
LIG_0280,,Cc1cc(O)c2c(=O)c3ccccc3oc2c1,226.23,2.96,1,3,50.44,0,Unknown,Natural Product,COCONUT
LIG_0281,,CO[C@@H]1O[C@H](OC)c2c(O)c(O)c(O)c(C)c21,242.23,1.43,3,6,88.38,2,Unknown,Natural Product,COCONUT
LIG_0282,,C=C(C)[C@H]1COc2cc3oc(=O)ccc3cc2O1,244.25,2.51,0,4,48.67,1,Unknown,Natural Product,COCONUT
LIG_0283,,COc1ccc2c(c1)CCC1=C2CC[C@@]2(C)C(=O)CC=C12,280.37,4.09,0,2,26.3,1,Unknown,Natural Product,COCONUT
LIG_0284,,COCC(=O)N[C@@H]1CO[C@H](CO)[C@H]1O,205.21,-2.13,3,5,88.02,4,Unknown,Natural Product,COCONUT
LIG_0285,,O=C([O-])c1cc(-c2ccccc2)[o+]c(-c2ccccc2)c1,276.29,3.26,0,2,51.43,3,Unknown,Natural Product,COCONUT
LIG_0286,,COc1ccc(C(=O)O[C@@H](C)CN(C)C)cc1,237.3,1.8,0,4,38.77,5,Unknown,Natural Product,COCONUT
LIG_0287,,C=C(C)[C@H]1C=C2[C@@H](C)CC[C@@H](O)[C@@]2(C)CC1,220.36,3.7,1,1,20.23,1,Unknown,Natural Product,COCONUT
LIG_0288,,O=C(Cc1ccccc1)C(=O)c1ccccc1O,240.26,2.39,1,3,54.37,4,Unknown,Natural Product,COCONUT
LIG_0289,,CCC(=O)C=Cc1ccc2c(c1)C(C)=CC(C)(C)N2,255.36,4.29,1,2,29.1,3,Unknown,Natural Product,COCONUT
LIG_0290,,CCCCCO[C@@H]1O[C@H](CO)[C@@H](O)[C@H](O)[C@H]1NC(C)=O,291.34,-0.86,4,6,108.25,7,Unknown,Natural Product,COCONUT
LIG_0291,,COc1ccc(CC(C)=O)c2c1C(=O)CC(C)(C)O2,262.3,2.57,0,4,52.6,3,Unknown,Natural Product,COCONUT
LIG_0292,,O=C1OC(c2ccc(Cl)cc2)=N/C1=C\c1ccccc1,283.71,3.68,0,3,38.66,2,Unknown,Natural Product,COCONUT
LIG_0293,,CCCCCCCCC/C=C/[C@@H](O)CN,213.37,3.0,2,2,46.25,10,Unknown,Natural Product,COCONUT
LIG_0294,,CCO[C@@]1(C/C(C)=C/Cc2occc2C)C=C(C)C(=O)O1,290.36,3.7,0,4,48.67,6,Unknown,Natural Product,COCONUT
LIG_0295,,CCCCCCc1c(C)c2cc(O)c(O)cc2oc1=O,276.33,3.64,2,4,70.67,5,Unknown,Natural Product,COCONUT
LIG_0296,,CC(=O)Nc1ccc(Br)cc1,214.06,2.41,1,1,29.1,1,Unknown,Natural Product,COCONUT
LIG_0297,,CC(=O)c1[nH]c2cc(Br)ccc2c1O,254.08,2.84,2,2,53.09,1,Unknown,Natural Product,COCONUT
LIG_0298,,CN(C)c1ccc(/C=C(\C#N)C(N)=S)cc1,231.32,1.95,1,3,53.05,3,Unknown,Natural Product,COCONUT
LIG_0299,,Nc1ccc([C@@H](CC(=NO)c2ccccc2)NO)cc1,271.32,2.56,4,5,90.87,5,Unknown,Natural Product,COCONUT
LIG_0300,,C=CC(C)(C)c1c2ccoc2c(O)c2oc(=O)ccc12,270.28,3.71,1,4,63.58,2,Unknown,Natural Product,COCONUT
LIG_0301,,C[C@H](O)/C=C/C1=C(C[C@H](C)O)C(=O)OC1,212.24,0.55,2,4,66.76,4,Unknown,Natural Product,COCONUT
LIG_0302,,CC[C@@H]1C[C@H](c2ccoc(=O)c2)OC1=O,208.21,1.65,0,4,56.51,2,Unknown,Natural Product,COCONUT
LIG_0303,,COC(C)(C)[C@@H]1C[C@H]2O[C@@]13C=C(C)C(=O)C=C3[C@@H]2C,262.35,2.66,0,3,35.53,2,Unknown,Natural Product,COCONUT
LIG_0304,,C=C1C(=O)O[C@H]2[C@@H](OC(C)=O)[C@]3(C)CCCC(C)=C3C[C@@H]12,290.36,2.93,0,4,52.6,1,Unknown,Natural Product,COCONUT
LIG_0305,,O=C(O)C[C@@H]1OC(=O)[C@H](CC(=O)O)OC1=O,232.14,-1.23,2,6,127.2,4,Unknown,Natural Product,COCONUT
LIG_0306,,CCCC(=O)CC/C=C/[C@H](O)[C@@H]1O[C@H]1CO,228.29,0.81,2,4,70.06,8,Unknown,Natural Product,COCONUT
LIG_0307,,CNC(=O)C[C@H](c1ccccc1)c1ccccn1,240.31,2.35,1,2,41.99,4,Unknown,Natural Product,COCONUT
LIG_0308,,COc1cc2c(cc1OC)[C@H](O)CC(C)(C)O2,238.28,2.3,1,4,47.92,2,Unknown,Natural Product,COCONUT
LIG_0309,,COc1ccc(O)c2c1O[C@@H]1C[C@H](O)CC[C@]21CCN,279.34,1.29,3,5,84.94,3,Unknown,Natural Product,COCONUT
LIG_0310,,C=C[C@](C)(O)CC/C=C(\C)CC[C@@H](O)C(C)(C)O,256.39,2.56,3,3,60.69,8,Unknown,Natural Product,COCONUT
LIG_0311,,CCC(=O)O[C@H]1[C@H](O)CN[C@@H]1Cc1ccc(OC)cc1,279.34,0.89,2,5,67.79,5,Unknown,Natural Product,COCONUT
LIG_0312,,C=C(C)[C@H](O)COc1cc2ccc(=O)oc2cc1O,262.26,1.81,2,5,79.9,4,Unknown,Natural Product,COCONUT
LIG_0313,,CC1=c2oc3c(c2C(=O)C(C)(C)C1=O)Oc1ccccc1C=3,294.31,2.18,0,4,56.51,0,Unknown,Natural Product,COCONUT
LIG_0314,,CC(=O)/C=C1\C[C@@]2(C)CCC[C@]2(C)C2=C1CC(C)(C)O2,274.4,4.56,0,2,26.3,1,Unknown,Natural Product,COCONUT
LIG_0315,,COc1cc(OC)cc([C@H]2C(C#N)=C(N)Oc3[nH]nc(C)c32)c1,312.33,1.95,2,6,106.18,3,Unknown,Natural Product,COCONUT
LIG_0316,,CN(NC(=O)Cc1ccccc1)c1ccc(Br)cc1,319.2,3.16,1,2,32.34,4,Unknown,Natural Product,COCONUT
LIG_0317,,O=C(O)[C@H]1Cc2c([nH]c3ccccc23)[C@@H](c2cc([N+](=O)[O-])ccc2O)N1,353.33,2.47,4,5,128.49,3,Unknown,Natural Product,COCONUT
LIG_0318,,C/C=C1/CN2CC[C@]34C(=Nc5ccccc53)[C@@H]2C[C@@H]1[C@@H]4C(=O)OC,322.41,2.85,0,4,41.9,1,Unknown,Natural Product,COCONUT
LIG_0319,,COc1ccc2c(C)c(CCC(=O)Nc3ccc4[nH]ccc4c3)c(=O)oc2c1,376.41,4.16,2,4,84.33,5,Unknown,Natural Product,COCONUT
LIG_0320,,COc1ccccc1CNC(=O)c1ccc(Cl)c([N+](=O)[O-])c1,320.73,3.19,1,4,81.47,5,Unknown,Natural Product,COCONUT
LIG_0321,,C=C1[C@@H]2CC[C@@H]3[C@]4(C)C[C@H](O)CC(C)(C)[C@H]4CC[C@]3([C@@H]2O)[C@H]1O,320.47,2.89,3,3,60.69,0,Unknown,Natural Product,COCONUT
LIG_0322,,COc1cc2c(cc1OC)[C@H]1Cc3ccc(C#N)cc3C(=O)N1CC2,334.38,2.87,0,4,62.56,2,Unknown,Natural Product,COCONUT
LIG_0323,,COc1cc(O)c2c(=O)cc(CCC[C@@H]3CCC(=O)O3)oc2c1,318.32,2.54,1,6,85.97,5,Unknown,Natural Product,COCONUT
LIG_0324,,COC[C@@]1(O)C[C@@]23CC[C@@H]4[C@H](C(=O)OC)CCC[C@@]4(C)[C@@H]2CC[C@@H]1C3,350.5,3.56,1,4,55.76,3,Unknown,Natural Product,COCONUT
LIG_0325,,CC(=O)O[C@@H](CC=C(C)C)c1cc(O)c2c(c1O)C(=O)C=CC2=O,330.34,2.99,2,6,100.9,4,Unknown,Natural Product,COCONUT
LIG_0326,,COc1cc2c(cc1OC)[C@H]1N(CC2)Cc2c(ccc(OC)c2OC)C1(C)C,383.49,4.11,0,5,40.16,4,Unknown,Natural Product,COCONUT
LIG_0327,,CC(=O)c1cc(N)c(C)c2oc3c(C)c(=O)cc(C(=O)[C@H]4CCCCO4)c-3nc12,394.43,3.45,1,7,112.49,3,Unknown,Natural Product,COCONUT
LIG_0328,,CCCCCC1=C(C=O)[C@H]2OC(C)(C)[C@H](O)C[C@]23O[C@@H]3C1=O,308.37,1.71,1,5,76.13,5,Unknown,Natural Product,COCONUT
LIG_0329,,COC(=O)N(C)C[C@]12C=C[C@H](O1)C(Cl)(Cl)C(=O)C2(Cl)Cl,363.02,2.31,0,4,55.84,2,Unknown,Natural Product,COCONUT
LIG_0330,,C=C(C)COc1ccc(-c2nc(N)ncc2-c2ccc(OC)c(OC)c2)c(O)c1,393.44,4.07,2,7,99.72,7,Unknown,Natural Product,COCONUT
LIG_0331,,O=C(c1cnccn1)N1C[C@@H]2C[C@H](C1)c1ccc(-c3cccs3)c(=O)n1C2,378.46,2.63,0,5,68.09,2,Unknown,Natural Product,COCONUT
LIG_0332,,C[C@@]12CCC[C@@](C)(C(=O)O)[C@H]1CC[C@@]13C[C@@H](CC[C@@H]12)[C@@]1(CO1)C3,318.46,4.25,1,2,49.83,1,Unknown,Natural Product,COCONUT
LIG_0333,,C=C[C@@]1(C)C=C2CC[C@@H]3C(CO)(CO)CC(=O)C[C@@]3(C)[C@@H]2CC1,318.46,3.27,2,3,57.53,3,Unknown,Natural Product,COCONUT
LIG_0334,,COC(=O)/C=C(\C)CC[C@@H]1C(C)=C[C@@H](O)[C@@H]2[C@@](C)(CO)CCC[C@@]12C,350.5,3.63,2,4,66.76,5,Unknown,Natural Product,COCONUT
LIG_0335,,C=CCn1c(=O)c(C(=O)NCCc2cccc(OC)c2)c(O)c2ccccc21,378.43,2.87,2,4,80.56,7,Unknown,Natural Product,COCONUT
LIG_0336,,CCc1cc2c(=O)c(-c3nc4ccccc4n3C)coc2cc1O,320.35,3.61,1,4,68.26,2,Unknown,Natural Product,COCONUT
LIG_0337,,CN[C@H]1[C@@H](O)[C@H]2O[C@@H]3O[C@H](C)CC(=O)[C@@]3(O)O[C@H]2[C@@H](NC)[C@H]1O,332.35,-2.93,5,9,129.51,2,Unknown,Natural Product,COCONUT
LIG_0338,,COc1ccc(CN[C@H]2[C@H](O)[C@@H](Sc3ccccc3)[C@@H]3OC[C@H]2O3)cc1,373.47,2.43,2,6,59.95,6,Unknown,Natural Product,COCONUT
LIG_0339,,COC(=C\C(C)=C\[C@@H]1CCCc2c1oc1ccc(O)cc21)/C=C/C(=O)O,354.4,4.68,2,4,79.9,5,Unknown,Natural Product,COCONUT
LIG_0340,,C=C1CC[C@@H]2C(C)(C)CCC[C@@]2(C)[C@@H]1C/C=C(/C=O)CC=O,302.46,4.89,0,2,34.14,5,Unknown,Natural Product,COCONUT
LIG_0341,,CC(=O)O[C@H]1C/C(C)=C\[C@@H](O)[C@H](O)[C@H]2[C@H](O)O[C@]13[C@@H]2CC3(C)C,326.39,0.74,3,6,96.22,1,Unknown,Natural Product,COCONUT
LIG_0342,,C=C1[C@H](C)CC[C@]2(C)C3=C(C(=O)[C@]4(C[C@@H]4C)[C@@H](O)C3=O)[C@H](O)[C@@H](O)[C@@H]12,346.42,1.17,3,5,94.83,0,Unknown,Natural Product,COCONUT
LIG_0343,,CCCCCOC(=O)C1=C(C)N(C)C(=O)N[C@@H]1c1cc(Cl)c(O)c(OC)c1,396.87,3.76,2,5,88.1,7,Unknown,Natural Product,COCONUT
LIG_0344,,O=C1c2c([nH]ccc2=O)-c2nc3c(O)cccc3c3ccnc1c23,315.29,2.39,2,5,95.94,0,Unknown,Natural Product,COCONUT
LIG_0345,,C/C=C/CC[C@@H]1OC(=O)c2c(O)c(CC=C(C)C)cc(O)c2[C@H]1OC,346.42,4.19,2,5,75.99,6,Unknown,Natural Product,COCONUT
LIG_0346,,CC1=C(C(=O)Nc2ccc(C)c(C)c2)C2(CCCCCC2)OC1=O,327.42,4.21,1,3,55.4,2,Unknown,Natural Product,COCONUT
LIG_0347,,CC1(C)C=Cc2c(ccc([C@@H]3COc4cc(O)ccc4C3)c2O)O1,324.38,4.0,2,4,58.92,1,Unknown,Natural Product,COCONUT
LIG_0348,,CN1CCC2=C(N=C3CCCN3c3ccccc3)c3ccccc3[N+]=C21,342.45,3.81,0,3,32.94,2,Unknown,Natural Product,COCONUT
LIG_0349,,COc1ccccc1[C@@H](CNC(=O)c1ccc(Cl)cc1)N(C)C,332.83,3.38,1,3,41.57,6,Unknown,Natural Product,COCONUT
LIG_0350,,CC(C)=CCc1c(O)cc2c(c1C)Oc1c(C=O)c(O)cc(C)c1C(=O)O2,368.39,4.36,2,6,93.06,3,Unknown,Natural Product,COCONUT
LIG_0351,,CCOc1ccc(/C=C/C(=O)Nc2nccs2)cc1OC,304.37,3.2,1,5,60.45,6,Unknown,Natural Product,COCONUT
LIG_0352,,CCOc1ccc(C(=O)N/C(=C/c2ccccc2)C(=O)NCCCC(=O)O)cc1,396.44,2.84,3,4,104.73,10,Unknown,Natural Product,COCONUT
LIG_0353,,C=C1[C@H]2C(=C(COC(=O)CC(C)C)CC[C@H]3C(=C)C(=O)O[C@H]23)C[C@@H]1O,346.42,2.7,1,5,72.83,4,Unknown,Natural Product,COCONUT
LIG_0354,,C#C[C@]1(OC(C)=O)CC[C@H]2[C@@H]3CCC4=CC(=O)CC[C@]4(C)[C@H]3CC[C@@]21C,354.49,4.45,0,3,43.37,1,Unknown,Natural Product,COCONUT
LIG_0355,,O=C(NCCc1cnc[nH]1)C1CCN(c2ncnc3[nH]cnc23)CC1,340.39,0.65,3,6,115.48,5,Unknown,Natural Product,COCONUT
LIG_0356,,CCOC(=O)c1oc2cc(OC)cc(O)c2c(=O)c1-c1ccc(OC)cc1,370.36,3.36,1,7,95.2,5,Unknown,Natural Product,COCONUT
LIG_0357,,C[C@H]1C[C@@H](O)[C@@]2(CO)[C@@H](CCC[C@@]23CO3)[C@]1(C)[C@H]1C[C@@H]2C=CO[C@@H]2O1,350.46,2.22,2,5,71.45,2,Unknown,Natural Product,COCONUT
LIG_0358,,COc1cc(OC)c2c(=O)c3c(OC)c(OC)ccc3oc2c1,316.31,2.98,0,6,67.13,4,Unknown,Natural Product,COCONUT
LIG_0359,,COc1ccc2cnc3c4cc5c(cc4ccc3c2c1OC)OCO5,333.34,4.29,0,5,49.81,2,Unknown,Natural Product,COCONUT
LIG_0360,,CC1(C)CC(=O)c2c(ccc3c2OC(=Cc2ccc(O)cc2)C3=O)O1,336.34,3.75,1,5,72.83,1,Unknown,Natural Product,COCONUT
LIG_0361,,C[C@H]1CC[C@]2(C)[C@@]3(O)C[C@H](Br)[C@@](C)(Cl)C[C@H]3O[C@]12C,351.71,3.87,1,2,29.46,0,Unknown,Natural Product,COCONUT
LIG_0362,,Cc1cc(O)c(C(=O)/C=C/c2ccc3c(c2)OCCCO3)cc1C,324.38,4.07,1,4,55.76,3,Unknown,Natural Product,COCONUT
LIG_0363,,CN1C(=O)[C@@](C)(O)[C@@H](O)[C@@H]1Cc1ccc2c(c1)C[C@@H](C(C)(C)O)O2,335.4,0.26,3,5,90.23,3,Unknown,Natural Product,COCONUT
LIG_0364,,C/C1=C\CC[C@]2(C)O[C@@H]2C(=O)C2=C[C@H](O)[C@@H](C)[C@@](C)(CC1)[C@@]2(C)O,334.46,2.93,2,4,70.06,0,Unknown,Natural Product,COCONUT
LIG_0365,,C[C@@H]1C[C@@H](O)[C@H]2C(C)(C)CCC[C@]2(C)[C@@]1(O)CCC1=CC(=O)OC1,336.47,3.21,2,4,66.76,3,Unknown,Natural Product,COCONUT
LIG_0366,,CN(C)c1ccc(-c2noc([C@@H]3CCCN3Cc3cccnc3)n2)cn1,350.43,2.93,0,7,71.18,5,Unknown,Natural Product,COCONUT
LIG_0367,,CC(=O)[C@H]1C[C@@H](C)O[C@@H](O[C@@H]2OC=C(C(=O)O)[C@H]3CC[C@H](C)[C@@H]23)[C@@H]1O,354.4,1.69,2,6,102.29,4,Unknown,Natural Product,COCONUT
LIG_0368,,C[C@H]1Cc2c(O)c3c(c(O)c2O1)[C@@]1(C)CCCC(C)(C)[C@@H]1CC3=O,330.42,4.09,2,4,66.76,0,Unknown,Natural Product,COCONUT
LIG_0369,,CC(=O)O[C@H]1CC[C@@H]2[C@@H]3C[C@H](O)[C@H]4C[C@@H](O)CC[C@]4(C)[C@@H]3CC[C@]12C,350.5,3.29,2,4,66.76,1,Unknown,Natural Product,COCONUT
LIG_0370,,CNC(=O)[C@@H]1Cc2ccccc2CN1C(=O)C[C@@H](c1ccsc1)n1cccc1,393.51,3.23,1,3,54.34,5,Unknown,Natural Product,COCONUT
LIG_0371,,CC(C)C[C@H](NC(=O)C(=O)N[C@@H](CC(C)C)C(=O)O)C(=O)O,316.35,0.22,4,4,132.8,8,Unknown,Natural Product,COCONUT
LIG_0372,,Cc1coc2c(C)c3oc(=O)c(CCC(=O)NCC(=O)O)c(C)c3cc12,357.36,2.6,2,5,109.75,5,Unknown,Natural Product,COCONUT
LIG_0373,,C=CC[C@@]12CC(=O)[C@@H](OC)[C@@H]([C@H](c3ccc4c(c3)OCO4)[C@H]1C)[C@H]2O,344.41,2.68,1,5,64.99,4,Unknown,Natural Product,COCONUT
LIG_0374,,COc1ccc(-c2noc([C@@H](C)NC(=O)CC(C)C)c2C(=O)O)cc1,346.38,3.27,2,5,101.66,7,Unknown,Natural Product,COCONUT
LIG_0375,,CC(=O)NCCC(=O)N1C[C@H]2C[C@@H](O)CN2C2(C1)CN(C1CCCC1)C2,364.49,-0.21,2,5,76.12,4,Unknown,Natural Product,COCONUT
LIG_0376,,C/C=C(/C)C(=O)O[C@@H]1C=C(CO)C(=O)[C@@H](OC(=O)[C@@](C)(O)[C@@H](C)O)[C@@H]1C(C)C,398.45,0.68,3,8,130.36,7,Unknown,Natural Product,COCONUT
LIG_0377,,CO[C@@H]1[C@H]([C@@H](O)COC(=O)/C=C/c2ccc(O)cc2)OC(=O)[C@@H]1O,338.31,-0.39,3,8,122.52,6,Unknown,Natural Product,COCONUT
LIG_0378,,COc1cc(O)cc2oc(=O)c(-c3ccc4c(c3O)C=CC(C)(C)O4)cc12,366.37,4.06,2,6,89.13,2,Unknown,Natural Product,COCONUT
LIG_0379,,Cc1ccc2[nH]c3c(c2c1)CCN[C@]31C(=O)N(CC(C)C)c2ccccc21,359.47,3.87,2,2,48.13,2,Unknown,Natural Product,COCONUT
LIG_0380,,O=C1CC2OCC=C3CN4CC[C@@]56c7ccccc7N1C5[C@H]2[C@H]3C(O)[C@@H]46,350.42,1.06,1,4,53.01,0,Unknown,Natural Product,COCONUT
LIG_0381,,COc1ccc(C[C@H](Cc2ccc3c(c2)OCO3)NC(=O)c2ccccc2)cc1,389.45,4.01,1,4,56.79,7,Unknown,Natural Product,COCONUT
LIG_0382,,O=C(C1CCCCC1)N1C[C@H](c2nc(-c3cccnc3)no2)C2(CCOCC2)C1,396.49,3.43,0,6,81.35,3,Unknown,Natural Product,COCONUT
LIG_0383,,C[C@@H]1C(=O)C[C@H]2C(C)(C)CCC[C@]2(C)[C@@]12CC[C@]1(CO[C@@H](O)C1)O2,336.47,3.45,1,4,55.76,0,Unknown,Natural Product,COCONUT
LIG_0384,,CC(=O)Nc1cc(O)cc([C@@H](O)[C@@H](C)c2cc(O)c(C)c(=O)o2)c1,333.34,2.15,4,6,120.0,4,Unknown,Natural Product,COCONUT
LIG_0385,,CC(C)c1ccc([C@H]2N3C[C@]4(C)CN2C[C@](c2ccccc2)(C3)C4=O)cc1,360.5,3.97,0,3,23.55,3,Unknown,Natural Product,COCONUT
LIG_0386,,O=C1CCCC=C1CCCCCCC[C@@H]1N[C@H](CO)[C@@H](O)[C@@H]1O,325.45,1.45,4,5,89.79,9,Unknown,Natural Product,COCONUT
LIG_0387,,COCCCN1C(=O)C(=O)/C(=C(/O)c2ccccc2)[C@H]1c1cccc(O)c1,367.4,2.85,2,5,87.07,6,Unknown,Natural Product,COCONUT
LIG_0388,,CC1(C)Oc2c(c(=O)[nH]c3ccccc23)[C@H]2[C@@H](Cl)[C@](C)(O)CC[C@@H]21,347.84,3.55,2,3,62.32,0,Unknown,Natural Product,COCONUT
LIG_0389,,COC(=O)c1ccccc1NC(=O)[C@@]12CC[C@@](C)(C(=O)C1)C2(C)C,329.4,3.2,1,4,72.47,3,Unknown,Natural Product,COCONUT
LIG_0390,,COc1cccc(-c2oc3cc4c(cc3c2CC(=O)O)OCO4)c1,326.3,3.46,1,5,78.13,4,Unknown,Natural Product,COCONUT
LIG_0391,,C[C@H]([C@H]1CC[C@H]2[C@@H]3CC[C@H]4[C@H](O)[C@@H](O)CC[C@@]4(C)[C@@H]3CC[C@@]12C)N(C)C,363.59,3.93,2,3,43.7,2,Unknown,Natural Product,COCONUT
LIG_0392,,O=S(=O)(c1ccccc1)N1CCC2(CC1)Nc1ccccc1-n1cccc12,379.49,3.58,1,3,54.34,2,Unknown,Natural Product,COCONUT
LIG_0393,,COc1ccc(/C=C/C(=O)Oc2ccccc2I)cc1,380.18,3.92,0,3,35.53,4,Unknown,Natural Product,COCONUT
LIG_0394,,C#C/C=C\C[C@H]1O[C@@H]2C[C@H]1O[C@@H]2C[C@H](Br)[C@H](Br)CC,392.13,3.82,0,2,18.46,6,Unknown,Natural Product,COCONUT
LIG_0395,,C[C@@H]1C[C@@H]2[C@H]3/C=C4/C(=O)O[C@H](CC[C@H](O)C[C@H]3C=C[C@@H]2C1=O)C4=O,330.38,1.6,1,5,80.67,0,Unknown,Natural Product,COCONUT
LIG_0396,,Cc1nn(-c2ccccc2)c(C)c1[C@H]1C=C[C@@H](OC(=O)NC(C)C)C1,339.44,4.04,1,3,56.15,4,Unknown,Natural Product,COCONUT
LIG_0397,,Cc1ccc(C(=O)N[C@@H]2CO[C@@H]3[C@@H]2OC[C@H]3OCC(N)=O)cc1,320.35,-0.24,2,5,99.88,5,Unknown,Natural Product,COCONUT
LIG_0398,,COC1=CC(=O)c2c(O)c3c(c(O)c2C1=O)C[C@H](C)OC3=O,304.25,1.11,2,7,110.13,1,Unknown,Natural Product,COCONUT
LIG_0399,,C/C=C(/C)C(=O)O[C@@H]1[C@@H]2O[C@@H]2[C@]2(CO2)[C@@H]2[C@@H]3OC(=O)[C@H](C)[C@H]3CC[C@]12C,362.42,2.01,0,6,77.66,2,Unknown,Natural Product,COCONUT
LIG_0400,,C=C1[C@H]2C[C@@]3([C@@H]1O)[C@@H](C[C@H]2O)[C@]12[C@@H]4C[C@H]3[C@H]1N(CC)C[C@]4(C)CC[C@@H]2O,359.51,1.79,3,4,63.93,1,Unknown,Natural Product,COCONUT
LIG_0401,,Cn1c(=O)c2nc3c([S@@+](C)[O-])c(C(=O)O)sc3nc2n(C)c1=O,354.37,-0.32,1,7,130.14,2,Unknown,Natural Product,COCONUT
LIG_0402,,O=c1[nH]c(O)c2c3c[nH]c4cccc(oc5nc6cc(O)ccc6c5c12)c43,357.33,3.87,4,5,115.14,0,Unknown,Natural Product,COCONUT
LIG_0403,,COc1c2cccc(C)c2c(C=O)c2c(COC(C)=O)coc12,312.32,3.78,0,5,65.74,4,Unknown,Natural Product,COCONUT
LIG_0404,,COCCNC(=O)CNC(=O)N1CCc2c([nH]c3ccccc23)C1,330.39,1.0,3,3,86.46,5,Unknown,Natural Product,COCONUT
LIG_0405,,COc1cc2c(cc1OC)C(=O)/C(=C\c1cc(OC)c3c(c1)OCCO3)C2,368.39,3.31,0,6,63.22,4,Unknown,Natural Product,COCONUT
LIG_0406,,C/C(=C\C=C\[C@@]1(C)OC(=O)[C@]23CC=C(C(=O)O)CC[C@]2(O)[C@H]1CC3)C(=O)O,376.41,2.21,3,5,121.13,4,Unknown,Natural Product,COCONUT
LIG_0407,,CC(C)C[C@H]1NC(=O)[C@@H](CCC(=O)NCCc2ccccc2)NC1=O,345.44,1.15,3,3,87.3,8,Unknown,Natural Product,COCONUT
LIG_0408,,O=C(N[C@@H](Cc1ccc(O)cc1)C(=O)O)OCc1ccccc1,315.32,2.31,3,4,95.86,6,Unknown,Natural Product,COCONUT
LIG_0409,,CC(=O)N[C@@]12C=CC(=O)C=C[C@H]1c1c(cc(O)c(O)c1O)C[C@@H]2C,329.35,1.65,4,5,106.86,1,Unknown,Natural Product,COCONUT
LIG_0410,,C[C@H]1CCC[C@]2(C)C[C@H]3OC(=O)[C@H](CNCCC4=CCCCC4)[C@H]3C=C12,357.54,4.78,1,3,38.33,5,Unknown,Natural Product,COCONUT
LIG_0411,,C/C=C(/C)C(=O)O[C@@H]1CC[C@]2(C)CC(=O)C(=C(C)C)C[C@H]2[C@]1(C)OC(C)=O,376.49,4.3,0,5,69.67,3,Unknown,Natural Product,COCONUT
LIG_0412,,CCO[C@H]1O[C@H](COC(=O)C=Cc2ccc(O)c(OC)c2)[C@@H](O)[C@H]1O,354.36,0.44,3,8,114.68,7,Unknown,Natural Product,COCONUT
LIG_0413,,COc1ccc(-c2c(O)c3ccccc3o/c2=[NH+]\C(=O)c2ccco2)cc1OC,392.39,2.24,2,6,96.01,4,Unknown,Natural Product,COCONUT
LIG_0414,,CC[C@@H](C)/C=C(C)/C=C/C=C/C(=O)c1c(O)n(O)cc(-c2ccc(O)cc2)c1=O,395.46,4.45,3,5,99.76,7,Unknown,Natural Product,COCONUT
LIG_0415,,COCC(=O)NC[C@H]1C(=O)N2C[C@@H](NC(=O)NC(C)C)C[C@H]2CN1Cc1ccccc1C,445.56,0.62,3,5,103.01,8,Unknown,Natural Product,COCONUT
LIG_0416,,COc1ccc2c(c1)cc(C(=O)N[C@H](C(=O)NCCc1c[nH]c3ccccc13)C(C)C)n2C,446.55,3.78,3,3,88.15,8,Unknown,Natural Product,COCONUT
LIG_0417,,COc1ccc2c(c1OC)C(=O)N1c3ccccc3C(=O)N(CCC(=O)NCc3ccco3)[C@H]21,461.47,3.12,1,6,101.32,7,Unknown,Natural Product,COCONUT
LIG_0418,,C=C1[C@@H]2CC[C@@]3(C)[C@@H](c4ccoc4)OC(=O)C[C@]13O[C@H]1CC(=O)C(C)(C)[C@H]([C@H](O)C(=O)OC)[C@]12C,486.56,3.53,1,8,112.27,3,Unknown,Natural Product,COCONUT
LIG_0419,,C=CCN(C)C(=O)[C@@H](C)[C@@H]1CC[C@@]2(C)Cc3sc(NC(=O)C4CC4)nc3[C@@H](C)[C@@H]2[C@H]1O,445.63,3.83,2,5,82.53,6,Unknown,Natural Product,COCONUT
LIG_0420,,Cc1c(CCC(=O)N2CCc3nc[nH]c3C2)c(=O)oc2cc3occ(-c4ccccc4)c3cc12,453.5,4.76,1,5,92.34,4,Unknown,Natural Product,COCONUT
LIG_0421,,Cc1cc(O[C@H](C)C(=O)N2C[C@H]3C[C@@H](C2)c2cccc(=O)n2C3)c2c(C)cc(=O)oc2c1,434.49,2.98,0,5,81.75,3,Unknown,Natural Product,COCONUT
LIG_0422,,CCOC(=O)C[C@@H](NC(=O)N1CCC2(CC1)Nc1cc(C)ccc1-n1cccc12)c1ccccc1,472.59,4.91,2,4,75.6,5,Unknown,Natural Product,COCONUT
LIG_0423,,C[C@H](CO)CC[C@H]1O[C@H]2C[C@H]3[C@H]4CC[C@@H]5C[C@@H](O)[C@H](O)C[C@]5(C)[C@H]4CC[C@]3(C)[C@H]2[C@@H]1C,434.66,4.4,3,4,69.92,4,Unknown,Natural Product,COCONUT
LIG_0424,,CCN1CCc2c([nH]c3ccccc23)[C@H]1c1c(O)nc(=O)n(CCc2ccc(OC)cc2)c1O,460.53,3.35,3,6,103.61,6,Unknown,Natural Product,COCONUT
LIG_0425,,S=C(NC1CCCCC1)N[C@H]1CO[C@H]2[C@@H]1OC[C@@H]2n1nnnc1-c1ccccc1,414.54,1.84,2,6,86.12,4,Unknown,Natural Product,COCONUT
LIG_0426,,C=C(C)C(=O)O[C@@H]1C2=C(COC(C)=O)C(=O)O[C@]2(O)/C=C(/C)CCC(=O)[C@@H](C)[C@H]1O,422.43,0.89,2,9,136.43,4,Unknown,Natural Product,COCONUT
LIG_0427,,CC(=O)c1ccc(OCC(=O)Nc2ccccc2C(=O)NCCc2ccccc2)cc1,416.48,3.88,2,4,84.5,9,Unknown,Natural Product,COCONUT
LIG_0428,,C=C(CO)[C@H]1Cc2c(ccc3c2O[C@H]2COc4cc(OC)c(OC)cc4[C@H]2C3=O)O1,410.42,2.68,1,7,83.45,4,Unknown,Natural Product,COCONUT
LIG_0429,,CC[C@H](C)[C@@H](CO)NC(=O)CCc1c(C)c2c(OC)cc3c(c2oc1=O)CCC(C)(C)O3,445.56,3.67,2,6,98.0,8,Unknown,Natural Product,COCONUT
LIG_0430,,Cc1oc2cc3oc(=O)c(CC(=O)N[C@@H](CSCc4ccccc4)C(=O)O)c(C)c3cc2c1C,479.55,4.51,2,6,109.75,8,Unknown,Natural Product,COCONUT
LIG_0431,,N#Cc1ccc(C(=O)N2C[C@@H]3C[C@H](C2)c2c(-c4cccc(C#N)c4)ccc(=O)n2C3)cc1,420.47,3.52,0,4,89.89,2,Unknown,Natural Product,COCONUT
LIG_0432,,C[C@]12C[C@H](c3ccccc3O1)[C@H](C(N)=O)C(=O)N2CCNc1ncnc2[nH]cnc12,407.43,0.99,3,7,139.12,5,Unknown,Natural Product,COCONUT
LIG_0433,,COc1ccc(OCCN/C(C)=C2\C(=O)C=C3Oc4c(C(C)=O)c(O)c(C)c(O)c4[C@@]3(C)C2=O)cc1,493.51,3.25,3,9,131.39,7,Unknown,Natural Product,COCONUT
LIG_0434,,Cc1cc(=O)[nH]c2ccc(S(=O)(=O)N3CCN(C(=O)c4ccco4)CC3)cc12,401.44,1.58,1,5,103.69,3,Unknown,Natural Product,COCONUT
LIG_0435,,CCCNC(=O)OC[C@]12CO[C@@H](c3ccc(N(C)C)cc3)[C@H](C(C)=C[C@@H]1C)[C@H]2C,400.56,4.79,1,4,50.8,6,Unknown,Natural Product,COCONUT
LIG_0436,,C=CCN1CC(=O)N2[C@H](c3ccc(OC(C)C)c(OC)c3)c3[nH]c4ccccc4c3C[C@H]2C1=O,459.55,3.83,1,4,74.87,6,Unknown,Natural Product,COCONUT
LIG_0437,,COc1ccc(CN2C[C@H](O)C[C@H]2c2nc(Cc3ccccc3)no2)c2ccccc12,415.49,4.13,1,6,71.62,6,Unknown,Natural Product,COCONUT
LIG_0438,,CC(C)CCC[C@@H](C)[C@H]1CC[C@H]2[C@@H]3[C@@H](O)C=C4C[C@@H](O)CC[C@]4(CO)[C@@]3(O)CC[C@]12C,434.66,4.45,4,4,80.92,6,Unknown,Natural Product,COCONUT
LIG_0439,,Cn1c(C2CCN(C(=O)CCCC[C@@H]3CCSS3)CC2)nc2ccccc21,403.62,4.99,0,4,38.13,6,Unknown,Natural Product,COCONUT
LIG_0440,,C=CCN1C(=O)[C@]2(c3ccccc31)c1c(oc3cc(C)c(C)cc3c1=O)C(=O)N2C[C@@H]1CCCO1,470.53,3.82,0,5,80.06,4,Unknown,Natural Product,COCONUT
LIG_0441,,CC(=O)O[C@@H]1C[C@@H]2[C@@]3(C)C[C@H]3[C@H](OC(C)=O)C[C@@]2(C)C2=CC[C@](C)([C@H](Br)CO)C[C@H]21,483.44,4.4,1,5,72.83,4,Unknown,Natural Product,COCONUT
LIG_0442,,Cn1c2c(c(=O)[nH]c1=O)[C@H](c1cccc(Cl)c1Cl)C1=C(N2)c2ccccc2C1=O,426.26,3.55,2,4,83.96,1,Unknown,Natural Product,COCONUT
LIG_0443,,CC(=O)N[C@@H]1[C@@H](OCCOc2ccc(Cl)cc2Cl)O[C@@H]2COC(C)(C)O[C@@H]2[C@H]1O,450.32,2.13,2,7,95.48,6,Unknown,Natural Product,COCONUT
LIG_0444,,C[C@@H]1CCc2cc(O)ccc2[C@@H]1C[C@H](C/C=C/[C@@H](O)c1ccc(O)cc1)S(=O)(=O)[O-].[Na+],454.52,0.75,3,6,117.89,7,Unknown,Natural Product,COCONUT
LIG_0445,,COc1cc2c(c(OC)c1OC)-c1ccc(N[C@@H]3CCCC[C@@H]3C)c(=O)cc1[C@@H](NC(C)=O)CC2,480.61,4.85,2,6,85.89,6,Unknown,Natural Product,COCONUT
LIG_0446,,C[C@@H]1O[C@@H](O[C@@H]2CC[C@@]3(C)C(=CC[C@@H]4[C@H]3CC[C@]3(C)[C@@H]([C@@H](C)O)CC[C@]43O)C2)C[C@@H](O)[C@@H]1O,464.64,3.3,4,6,99.38,3,Unknown,Natural Product,COCONUT
LIG_0447,,C[C@H](CCC(=O)O)[C@@H]1CC[C@H]2[C@H]3[C@H](O)C[C@H]4C[C@@H](O)CC[C@]4(C)[C@@H]3CC(=O)[C@@]21C,406.56,3.66,3,4,94.83,4,Unknown,Natural Product,COCONUT
LIG_0448,,COc1cc([C@@H]2COc3cc(OC)c4c(c3[C@@H]2OC(C)=O)CCc2cc(O)ccc2-4)ccc1O,462.5,4.66,2,7,94.45,4,Unknown,Natural Product,COCONUT
LIG_0449,,CCN1C[C@]2(COC)CC[C@H](OC)[C@@]34[C@@H]5C[C@H]6[C@H](O)[C@@H]5[C@](O)(C[C@@H]6OC)[C@@H]([C@H](O)[C@H]23)[C@@H]14,437.58,0.5,3,7,91.62,5,Unknown,Natural Product,COCONUT
LIG_0450,,CCN1C[C@]2(COC)CC[C@H](OC)[C@@]34[C@@H]2[C@@H](OC)[C@@](O)([C@@H]13)[C@]1(O)C[C@@H](OC)[C@@H]2C[C@H]4[C@H]1[C@@H]2OC,481.63,0.93,2,8,89.85,7,Unknown,Natural Product,COCONUT
LIG_0451,,Cc1cc(C(=O)N[C@@H]2C[C@@H](c3nc(-c4ccccc4)nn3C(C)C)CC[C@H]2O)n(C)n1,422.53,2.99,2,5,97.86,5,Unknown,Natural Product,COCONUT
LIG_0452,,Clc1nc(NCCCN2CCOCC2)nc(N(c2ccccc2)c2ccccc2)n1,424.94,4.13,1,7,66.41,8,Unknown,Natural Product,COCONUT
LIG_0453,,[C-]#[N+][C@@H]1[C@H]2[C@H](CC[C@@]1(C)O)[C@](C)(N=C=S)CC[C@@H]2[C@@]1(C)CC[C@@H](C(C)(C)[N+]#[C-])O1,415.6,4.96,1,4,50.54,3,Unknown,Natural Product,COCONUT
LIG_0454,,CC(=O)N1[C@H]2N(C(=O)C13CC3)c1ccccc1[C@]21C[C@@H](n2cnc3ccccc3c2=O)C(=O)O1,456.46,1.85,0,6,101.81,1,Unknown,Natural Product,COCONUT
LIG_0455,,CCOC(=O)[C@@H]1[C@H](C(=O)OC)N[C@H](CC(C)(C)OC)[C@@]12C(O)=Nc1ccccc12,404.46,2.03,2,7,106.45,6,Unknown,Natural Product,COCONUT
LIG_0456,,COc1ccc2c3c(n(CCSCc4nc[nH]c4C)c(=O)c2c1OC)-c1ccccc1C3=O,461.54,4.2,1,6,86.21,7,Unknown,Natural Product,COCONUT
LIG_0457,,C=C(C)C(=O)CC[C@@H](C)[C@@H]1CC[C@](C)(O[C@@H]2O[C@H](CO)[C@H](O)[C@H](O)[C@H]2O)[C@H]2CCC(C)=C[C@@]12C,480.64,2.9,4,7,116.45,8,Unknown,Natural Product,COCONUT
LIG_0458,,Cc1oc2cc(OCC(=O)N[C@H](CO)CC(C)C)ccc2c(=O)c1-c1ccccc1,409.48,3.67,2,5,88.77,8,Unknown,Natural Product,COCONUT
LIG_0459,,COc1ccc(OC)c(NC(=O)CC/C(C)=C/Cc2c(OC)c(C)c3c(c2OC)C(=O)OC3)c1,469.53,4.61,1,7,92.32,10,Unknown,Natural Product,COCONUT
LIG_0460,,COc1ncccc1CN1C[C@@H]2C[C@H](NC(C)=O)CN2C(=O)[C@@H]1CNC(=O)C1CC1,415.49,-0.09,2,6,103.87,7,Unknown,Natural Product,COCONUT
LIG_0461,,C[C@@]12O[C@H]3C[C@@H](O1)[C@]1(C=O)[C@H]4[C@H](O)C(=O)[C@]5(C)[C@@H](c6ccc(=O)oc6)CC[C@]5(O)[C@@H]4CC[C@@]1(C3)O2,486.52,1.43,2,9,132.5,2,Unknown,Natural Product,COCONUT
LIG_0462,,C=C1C(=O)O[C@@H]2/C=C(/CO)[C@@H](OC(C)=O)C[C@H]3O[C@]3(C)C[C@@H](OC(=O)[C@@H](C)CC)[C@@H]12,422.47,1.84,1,8,111.66,5,Unknown,Natural Product,COCONUT
LIG_0463,,Cc1ccccc1N1C(=O)[C@@H]2[C@H]3c4ccccc4[C@](Br)(c4ccccc43)[C@H]2C1=O,444.33,4.9,0,2,37.38,1,Unknown,Natural Product,COCONUT
LIG_0464,,CN(CC(N)=O)C(=O)[C@@H]1C[C@H](NC(=O)NC2CCCCC2)CN1C(=O)CC(C)(C)C,423.56,0.97,3,4,124.84,6,Unknown,Natural Product,COCONUT
LIG_0465,,COc1cc([C@H]2NC(=O)NC(C)=C2C(=O)OCCOc2ccccc2)cc(Cl)c1O,432.86,3.3,3,6,106.12,7,Unknown,Natural Product,COCONUT
LIG_0466,,CC1(C)C(=O)C=C[C@]2(C)[C@H]1C=C[C@@]1(C)[C@H]2CC[C@@]2(C)[C@@H](c3ccoc3)OC(=O)[C@@H]3O[C@]312,422.52,4.8,0,5,69.04,1,Unknown,Natural Product,COCONUT
LIG_0467,,COC[C@@H]1Cc2cc(OC)c3c(c2[C@H](c2ccc(OC)c(OC)c2)[C@@H]1COC)OCO3,430.5,3.65,0,7,64.61,8,Unknown,Natural Product,COCONUT
LIG_0468,,COc1cc2c(cc1OC)CC(=O)N(CC(=O)NCCN1C[C@H]3C[C@@H](C1)c1cccc(=O)n1C3)C=C2,492.58,1.46,1,6,93.11,7,Unknown,Natural Product,COCONUT
LIG_0469,,O=c1c(-c2ccccc2)coc2cc(O[C@@H]3O[C@@H](CO)[C@@H](O)[C@@H](O)[C@@H]3O)ccc12,400.38,0.64,4,8,129.59,4,Unknown,Natural Product,COCONUT
LIG_0470,,COc1cc2c(cc1OC)[C@@]1(O)C(=O)c3ccc4c(c3O[C@H]1CO2)[C@@H]1[C@@H](O4)C1(C)C,410.42,2.81,1,7,83.45,2,Unknown,Natural Product,COCONUT
LIG_0471,,C=C1C2=C(C=C[C@@]34C[C@@H](CC[C@@H]13)[C@](C)(O)C4)C(C)(C)[C@@H](O[C@@H]1O[C@H](CO)[C@@H](O)[C@H](O)[C@H]1O)C2,462.58,1.58,5,7,119.61,3,Unknown,Natural Product,COCONUT
LIG_0472,,C[C@]12C[C@H](c3ccccc3O1)[C@@H](C(N)=O)C(=O)N2CCc1c[nH]c2ccc(O)cc12,405.45,2.64,3,4,108.65,4,Unknown,Natural Product,COCONUT
LIG_0473,,C=CCN1C(=O)[C@@]2(c3ccccc31)c1c(oc3ccc(C)cc3c1=O)C(=O)N2C[C@H]1CCCO1,456.5,3.51,0,5,80.06,4,Unknown,Natural Product,COCONUT
LIG_0474,,COc1cccc(CNC(=O)c2cccc(-c3ccc(S(=O)(=O)N4CCCC4)cc3)c2)c1,450.56,4.08,1,4,75.71,7,Unknown,Natural Product,COCONUT
LIG_0475,,CC(=O)O[C@@H]1[C@@H](O)[C@@H](Oc2c(C)c3c4c(c2O)[C@@H](C)CC[C@@H]4[C@@H](C)C[C@H]3C=C(C)C)OC[C@@H]1O,474.59,4.16,3,7,105.45,4,Unknown,Natural Product,COCONUT
LIG_0476,,COc1c2c(c(C)c3c1C(=O)OC3)O[C@@]1(C)C[C@@H](O)[C@H]3C(C)(C)OC(=O)CC[C@]3(C)[C@H]1C2,444.52,3.49,1,7,91.29,1,Unknown,Natural Product,COCONUT
LIG_0477,,COc1cc2c(cc1OC)[C@@H]1C(=O)c3ccc4occc4c3O[C@@H]1[C@@H](OC(C)=O)O2,410.38,3.46,0,8,93.43,3,Unknown,Natural Product,COCONUT
LIG_0478,,CC(=O)O[C@@H]1C[C@@H]2[C@H](CC[C@H]3[C@@]2(C)CC[C@@H]2[C@]3(C)CCC[C@]2(C)C=O)[C@@H]2O[C@H]3OC(=O)C[C@@]31O2,474.59,4.16,0,7,88.13,2,Unknown,Natural Product,COCONUT
LIG_0479,,CC(=O)O[C@@H]1O[C@@H](C2=CC(=O)O[C@H]2O)C[C@@H]2[C@@H]1CC[C@H]1[C@@]2(C)CC[C@H]2C(C)(C)CCC[C@]12C,460.61,4.74,1,6,82.06,2,Unknown,Natural Product,COCONUT
LIG_0480,,CC=C(C)C(=O)O[C@@H](c1cc(OC)c2c(c1)OCO2)[C@@H](C)OC(=O)[C@](C)(O)[C@H](C)OC(C)=O,466.48,2.61,1,10,126.82,9,Unknown,Natural Product,COCONUT
LIG_0481,,Cn1c(=O)c2c(nc3n(C[C@H](O)c4ccccc4)c(-c4ccccc4)cn23)n(C)c1=O,415.45,2.09,1,4,86.46,4,Unknown,Natural Product,COCONUT
LIG_0482,,COc1ccc(CCN2COc3ccc4c(-c5ccccc5)cc(=O)oc4c3C2)cc1,413.47,4.86,0,5,51.91,5,Unknown,Natural Product,COCONUT
LIG_0483,,CCCNC(=O)N1CCN2CC(=O)Nc3cc(-c4cccnc4)ccc3OC[C@@H]2C1,409.49,2.19,2,5,86.8,3,Unknown,Natural Product,COCONUT
LIG_0484,,COC(=O)c1ccc2[nH]c(C[C@@H]3C[C@@H](C(C)C)[C@H](CNCc4ccccn4)C=C3C)nc2c1,446.6,4.93,2,5,79.9,8,Unknown,Natural Product,COCONUT
LIG_0485,,CC(C)[C@H](NC(=O)[C@H](C(C)C)N1Cc2ccccc2C1=O)c1nc2ccccc2[nH]1,404.51,4.06,2,3,78.09,6,Unknown,Natural Product,COCONUT
LIG_0486,,COc1c2c(c(C)c3c1C(=O)OC3)O[C@]1(C)C[C@H](O)[C@@]34O[C@@](OC)(CC[C@]3(C)[C@H]1C2)O[C@]4(C)CO,490.55,2.39,2,9,112.91,3,Unknown,Natural Product,COCONUT
LIG_0487,,O=C(c1ccccc1)N1C[C@@H]2C[C@H](C1)c1ccc(/C=C/c3ccc(Cl)cc3)c(=O)n1C2,430.94,4.93,0,2,42.31,3,Unknown,Natural Product,COCONUT
LIG_0488,,COc1cc(CCc2cccc(O)c2)c2c(c1)O[C@H](c1cc(O)c(O)c(OC)c1)[C@@H](O)C2,438.48,3.64,4,7,108.61,6,Unknown,Natural Product,COCONUT
LIG_0489,,COC(=O)c1c(C)c2c(c(C)c1O)Oc1c(C=O)c(O)c(Cl)c(C)c1C(=O)O2,406.77,3.6,2,8,119.36,2,Unknown,Natural Product,COCONUT
LIG_0490,,O=C(O)C1CCN(C(=O)[C@H](Cc2ccccc2)n2c(O)nc3ccccc3c2=O)CC1,421.45,2.21,2,5,112.73,5,Unknown,Natural Product,COCONUT
LIG_0491,,CC1(C)CC[C@H]([C@](C)(O)[C@H]2CC[C@@]3(O)C4=CC(=O)[C@@H]5C[C@@H](O)[C@@H](O)C[C@]5(C)[C@H]4CC[C@]23C)O1,462.63,2.9,4,6,107.22,2,Unknown,Natural Product,COCONUT
LIG_0492,,COc1ccc(-c2cc(=O)c3cc(NC(=O)c4ccccc4OC)ccc3o2)cc1,401.42,4.73,1,5,77.77,5,Unknown,Natural Product,COCONUT
LIG_0493,,CCN1CCN(Cc2c(O)ccc3c2O/C(=C\c2cccc([N+](=O)[O-])c2)C3=O)CC1,409.44,3.05,1,7,96.15,5,Unknown,Natural Product,COCONUT
LIG_0494,,C[C@]1(CCO[C@H]2O[C@H](CO)[C@@H](O)[C@H](O)[C@@H]2O)CC[C@H]2C(=CC[C@@H]3[C@]2(C)CCC[C@]3(C)C(=O)O)C1,482.61,2.23,5,7,136.68,6,Unknown,Natural Product,COCONUT
LIG_0495,,C/C(=C/COc1ccc2ccc(=O)oc2c1)C/C=C/[C@@](C)(O)CC[C@H](O)C(C)(C)O,416.51,3.73,3,6,100.13,10,Unknown,Natural Product,COCONUT
LIG_0496,,C[C@H](NC(=O)[C@H](Cc1c[nH]c2ccccc12)n1c(=O)[nH]c2ccccc2c1=O)C(=O)O,420.43,1.54,4,4,137.05,6,Unknown,Natural Product,COCONUT
LIG_0497,,CC(C)C[C@@H](NC(=O)/C(=C\c1ccc2c(c1)OCO2)NC(=O)c1ccccc1)C(=O)O,424.45,2.8,3,5,113.96,8,Unknown,Natural Product,COCONUT
LIG_0498,,Cc1ccc([C@H]2NC(=O)N[C@@H](c3ccc(C)cc3)[C@@]2(C#N)C(=O)c2ccccc2)cc1,409.49,4.79,2,3,81.99,4,Unknown,Natural Product,COCONUT
LIG_0499,,CCN1C[C@]2(COC)CC[C@H](O)[C@@]34[C@@H]5C[C@H]6[C@H](OC(C)=O)[C@H]5[C@](O)(C[C@@H]6OC)[C@@H]([C@H](OC)[C@H]23)[C@@H]14,479.61,1.07,2,8,97.69,6,Unknown,Natural Product,COCONUT
LIG_0500,,CC(C)C[C@H](NC(=O)[C@H]1CC[C@@H](CNC(=O)[C@@H]2CCCN2C(=O)OC(C)(C)C)CC1)C(=O)O,467.61,2.92,3,5,125.04,8,Unknown,Natural Product,COCONUT
LIG_0501,,C=C1C(=O)O[C@@H]2/C=C(/CO)[C@@]3(O)C[C@H](OC)[C@@](C)(C[C@@H](OC(=O)[C@@H](C)CC)[C@@H]12)O3,410.46,1.25,2,8,111.52,5,Unknown,Natural Product,COCONUT
LIG_0502,,C[C@@H]1[C@H](O)CC[C@@]2(C)[C@H]1CC[C@@]1(C)[C@H]2[C@H](O)C[C@H]2C3=C(CCC=C(CO)CO)C(=O)O[C@H]3C[C@@]21C,488.67,3.52,4,6,107.22,5,Unknown,Natural Product,COCONUT
LIG_0503,,COC(=O)CCC[C@@H](N=C(S)N1C[C@@H]2C[C@H](C1)c1cccc(=O)n1C2)C(=O)OC,421.52,1.44,1,6,90.2,6,Unknown,Natural Product,COCONUT
LIG_0504,,COCCn1ccc2c(NC(=O)C[C@@H]3NC(=O)N(Cc4ccccc4OC)C3=O)cccc21,450.5,2.75,2,5,101.9,9,Unknown,Natural Product,COCONUT
LIG_0505,,C/C=C(\C)C(=O)OC/C(=C\C)C(=O)OCc1ccn2c1[C@H](C(=O)/C(C)=C/C)C[C@@H]2OC(C)=O,457.52,4.07,0,7,100.9,9,Unknown,Natural Product,COCONUT
LIG_0506,,CC(=O)NCCC(=O)N1C[C@@H]2C[C@@H](O)CN2C2(CN(Cc3cccc(C(=O)O)c3)C2)C1,430.51,-0.26,3,6,113.42,6,Unknown,Natural Product,COCONUT
LIG_0507,,CS[C@@]12CC3=CC=C[C@H](O)[C@H]3N1C(=O)[C@]13C[C@H]4C(=O)[C@H](C[C@H](O)[C@H]4N1C2=O)S3,420.51,-0.12,2,7,98.15,1,Unknown,Natural Product,COCONUT
LIG_0508,,CCCCCCCn1c(O)nc(O)c([C@@H]2c3[nH]c4ccccc4c3CCN2CC)c1=O,424.55,4.07,3,5,94.38,8,Unknown,Natural Product,COCONUT
LIG_0509,,C[C@H](CCOC(=O)CCC(=O)O)CC[C@]1(C)[C@H](C)CC[C@]2(C)[C@@H]1C[C@H](O)[C@@H](O)[C@@]2(C)O,442.59,3.14,4,6,124.29,9,Unknown,Natural Product,COCONUT
LIG_0510,,COc1c(C)c2c(c(OC)c1C/C=C(\C)CCC(=O)NCc1ccccn1)C(=O)OC2,424.5,3.66,1,6,86.75,9,Unknown,Natural Product,COCONUT
LIG_0511,,C=C1C(=O)O[C@@H]2/C=C(/C)CC/C=C(/C(=O)OC)[C@H](OC(C)=O)[C@@H](OC(=O)/C(C)=C/C)[C@@H]12,432.47,2.73,0,8,105.2,4,Unknown,Natural Product,COCONUT
LIG_0512,,COc1ccc(NC(=NC(=O)c2ccc(OC)c(OC)c2)NCCc2c[nH]c3ccccc23)cc1,472.55,4.63,3,4,96.97,8,Unknown,Natural Product,COCONUT
LIG_0513,,CCCc1cc(=O)oc2cc(C)c3c(c12)O[C@H](c1ccc(OC)cc1OC)CC3=O,408.45,4.78,0,6,74.97,5,Unknown,Natural Product,COCONUT
LIG_0514,,C=C1C(=O)O[C@@H]2/C=C(/C)[C@@H](OC(=O)[C@@H](O)C(C)C)C/C=C(/C)C[C@@H](OC(=O)c3ccoc3)[C@@H]12,458.51,3.52,1,8,112.27,5,Unknown,Natural Product,COCONUT
